2025-07-20 17:16:30,064 - Server - INFO - SaveModelStrategy initialized
2025-07-20 17:16:30,064 - Server - INFO - Starting federated learning server at 0.0.0.0:8080
2025-07-20 17:16:30,064 - Server - INFO - Configuration: 10 rounds, 2 minimum clients
2025-07-20 17:16:30,065 - Server - INFO - Model: NeuralNetwork with 17 inputs, 10 classes
2025-07-20 17:16:30,066 - flwr - INFO - Starting Flower server, config: num_rounds=10, no round_timeout
2025-07-20 17:16:30,110 - flwr - INFO - Flower ECE: gRPC server running (10 rounds), SSL is disabled
2025-07-20 17:16:30,122 - flwr - INFO - [INIT]
2025-07-20 17:16:30,123 - flwr - INFO - Using initial global parameters provided by strategy
2025-07-20 17:16:30,123 - flwr - INFO - Starting evaluation of initial global parameters
2025-07-20 17:16:30,123 - flwr - INFO - Evaluation returned no results (`None`)
2025-07-20 17:16:30,123 - flwr - INFO - 
2025-07-20 17:16:30,123 - flwr - INFO - [ROUND 1]
2025-07-20 17:18:15,590 - flwr - INFO - configure_fit: strategy sampled 2 clients (out of 2)
2025-07-20 17:18:15,715 - flwr - INFO - aggregate_fit: received 0 results and 2 failures
2025-07-20 17:18:15,716 - Server - INFO - Round 1: Aggregating updates from 0 clients
2025-07-20 17:18:15,716 - Server - WARNING - Round 1: No results received from clients
2025-07-20 17:26:09,899 - Server - INFO - SaveModelStrategy initialized
2025-07-20 17:26:09,899 - Server - INFO - Starting federated learning server at 0.0.0.0:8080
2025-07-20 17:26:09,899 - Server - INFO - Configuration: 10 rounds, 2 minimum clients
2025-07-20 17:26:09,899 - Server - INFO - Model: NeuralNetwork with 17 inputs, 10 classes
2025-07-20 17:26:09,900 - flwr - INFO - Starting Flower server, config: num_rounds=10, no round_timeout
2025-07-20 17:26:09,935 - flwr - INFO - Flower ECE: gRPC server running (10 rounds), SSL is disabled
2025-07-20 17:26:09,935 - flwr - INFO - [INIT]
2025-07-20 17:26:09,935 - flwr - INFO - Using initial global parameters provided by strategy
2025-07-20 17:26:09,935 - flwr - INFO - Starting evaluation of initial global parameters
2025-07-20 17:26:09,935 - flwr - INFO - Evaluation returned no results (`None`)
2025-07-20 17:26:09,935 - flwr - INFO - 
2025-07-20 17:26:09,935 - flwr - INFO - [ROUND 1]
2025-07-20 17:26:53,984 - flwr - INFO - configure_fit: strategy sampled 2 clients (out of 2)
2025-07-20 17:26:54,038 - flwr - INFO - aggregate_fit: received 0 results and 2 failures
2025-07-20 17:26:54,038 - Server - INFO - Round 1: Aggregating updates from 0 clients
2025-07-20 17:26:54,039 - Server - WARNING - Round 1: No results received from clients
2025-07-20 17:28:56,020 - flwr - INFO - configure_evaluate: strategy sampled 2 clients (out of 2)
2025-07-20 17:28:56,066 - flwr - INFO - aggregate_evaluate: received 0 results and 2 failures
2025-07-20 17:28:56,067 - Server - WARNING - Round 1: No evaluation results received
2025-07-20 17:28:56,067 - flwr - INFO - 
2025-07-20 17:28:56,067 - flwr - INFO - [ROUND 2]
2025-07-20 17:33:33,584 - flwr - INFO - configure_fit: strategy sampled 2 clients (out of 2)
2025-07-20 17:33:47,120 - flwr - INFO - aggregate_fit: received 2 results and 0 failures
2025-07-20 17:33:47,120 - Server - INFO - Round 2: Aggregating updates from 2 clients
2025-07-20 17:33:47,122 - Server - INFO - Round 2: Global model parameters updated
2025-07-20 17:33:47,123 - flwr - INFO - configure_evaluate: strategy sampled 2 clients (out of 2)
2025-07-20 17:33:47,356 - flwr - INFO - aggregate_evaluate: received 2 results and 0 failures
2025-07-20 17:33:47,357 - Server - INFO - Round 2: Aggregating evaluation results from 2 clients
2025-07-20 17:33:47,357 - Server - INFO - Aggregated metrics: {'accuracy': 0.8672453703703704}
2025-07-20 17:33:47,357 - flwr - INFO - 
2025-07-20 17:33:47,357 - flwr - INFO - [ROUND 3]
2025-07-20 17:33:47,357 - flwr - INFO - configure_fit: strategy sampled 2 clients (out of 2)
2025-07-20 17:33:56,896 - flwr - INFO - aggregate_fit: received 2 results and 0 failures
2025-07-20 17:33:56,897 - Server - INFO - Round 3: Aggregating updates from 2 clients
2025-07-20 17:33:56,898 - Server - INFO - Round 3: Global model parameters updated
2025-07-20 17:33:56,898 - flwr - INFO - configure_evaluate: strategy sampled 2 clients (out of 2)
2025-07-20 17:33:57,084 - flwr - INFO - aggregate_evaluate: received 2 results and 0 failures
2025-07-20 17:33:57,084 - Server - INFO - Round 3: Aggregating evaluation results from 2 clients
2025-07-20 17:33:57,084 - Server - INFO - Aggregated metrics: {'accuracy': 0.84875}
2025-07-20 17:33:57,084 - flwr - INFO - 
2025-07-20 17:33:57,084 - flwr - INFO - [ROUND 4]
2025-07-20 17:33:57,084 - flwr - INFO - configure_fit: strategy sampled 2 clients (out of 2)
2025-07-20 17:34:14,510 - flwr - INFO - aggregate_fit: received 2 results and 0 failures
2025-07-20 17:34:14,510 - Server - INFO - Round 4: Aggregating updates from 2 clients
2025-07-20 17:34:14,512 - Server - INFO - Round 4: Global model parameters updated
2025-07-20 17:34:14,512 - flwr - INFO - configure_evaluate: strategy sampled 2 clients (out of 2)
2025-07-20 17:34:14,922 - flwr - INFO - aggregate_evaluate: received 2 results and 0 failures
2025-07-20 17:34:14,922 - Server - INFO - Round 4: Aggregating evaluation results from 2 clients
2025-07-20 17:34:14,922 - Server - INFO - Aggregated metrics: {'accuracy': 0.8453935185185185}
2025-07-20 17:34:14,922 - flwr - INFO - 
2025-07-20 17:34:14,922 - flwr - INFO - [ROUND 5]
2025-07-20 17:34:14,922 - flwr - INFO - configure_fit: strategy sampled 2 clients (out of 2)
2025-07-20 17:34:32,031 - flwr - INFO - aggregate_fit: received 2 results and 0 failures
2025-07-20 17:34:32,032 - Server - INFO - Round 5: Aggregating updates from 2 clients
2025-07-20 17:34:32,032 - Server - INFO - Round 5: Global model parameters updated
2025-07-20 17:34:32,039 - Server - INFO - Model saved to SavedGlobalModel/model_round_5.pth
2025-07-20 17:34:32,039 - Server - INFO - Round 5: Saved checkpoint to model_round_5.pth
2025-07-20 17:34:32,039 - flwr - INFO - configure_evaluate: strategy sampled 2 clients (out of 2)
2025-07-20 17:34:32,224 - flwr - INFO - aggregate_evaluate: received 2 results and 0 failures
2025-07-20 17:34:32,225 - Server - INFO - Round 5: Aggregating evaluation results from 2 clients
2025-07-20 17:34:32,225 - Server - INFO - Aggregated metrics: {'accuracy': 0.8352777777777778}
2025-07-20 17:34:32,225 - flwr - INFO - 
2025-07-20 17:34:32,225 - flwr - INFO - [ROUND 6]
2025-07-20 17:34:32,225 - flwr - INFO - configure_fit: strategy sampled 2 clients (out of 2)
2025-07-20 17:34:45,046 - flwr - INFO - aggregate_fit: received 2 results and 0 failures
2025-07-20 17:34:45,047 - Server - INFO - Round 6: Aggregating updates from 2 clients
2025-07-20 17:34:45,047 - Server - INFO - Round 6: Global model parameters updated
2025-07-20 17:34:45,047 - flwr - INFO - configure_evaluate: strategy sampled 2 clients (out of 2)
2025-07-20 17:34:45,297 - flwr - INFO - aggregate_evaluate: received 2 results and 0 failures
2025-07-20 17:34:45,299 - Server - INFO - Round 6: Aggregating evaluation results from 2 clients
2025-07-20 17:34:45,299 - Server - INFO - Aggregated metrics: {'accuracy': 0.8347453703703703}
2025-07-20 17:34:45,299 - flwr - INFO - 
2025-07-20 17:34:45,299 - flwr - INFO - [ROUND 7]
2025-07-20 17:34:45,299 - flwr - INFO - configure_fit: strategy sampled 2 clients (out of 2)
2025-07-20 17:34:57,765 - flwr - INFO - aggregate_fit: received 2 results and 0 failures
2025-07-20 17:34:57,766 - Server - INFO - Round 7: Aggregating updates from 2 clients
2025-07-20 17:34:57,767 - Server - INFO - Round 7: Global model parameters updated
2025-07-20 17:34:57,767 - flwr - INFO - configure_evaluate: strategy sampled 2 clients (out of 2)
2025-07-20 17:34:58,006 - flwr - INFO - aggregate_evaluate: received 2 results and 0 failures
2025-07-20 17:34:58,006 - Server - INFO - Round 7: Aggregating evaluation results from 2 clients
2025-07-20 17:34:58,006 - Server - INFO - Aggregated metrics: {'accuracy': 0.8271759259259259}
2025-07-20 17:34:58,006 - flwr - INFO - 
2025-07-20 17:34:58,006 - flwr - INFO - [ROUND 8]
2025-07-20 17:34:58,006 - flwr - INFO - configure_fit: strategy sampled 2 clients (out of 2)
2025-07-20 17:35:10,068 - flwr - INFO - aggregate_fit: received 2 results and 0 failures
2025-07-20 17:35:10,068 - Server - INFO - Round 8: Aggregating updates from 2 clients
2025-07-20 17:35:10,069 - Server - INFO - Round 8: Global model parameters updated
2025-07-20 17:35:10,069 - flwr - INFO - configure_evaluate: strategy sampled 2 clients (out of 2)
2025-07-20 17:35:10,282 - flwr - INFO - aggregate_evaluate: received 2 results and 0 failures
2025-07-20 17:35:10,282 - Server - INFO - Round 8: Aggregating evaluation results from 2 clients
2025-07-20 17:35:10,282 - Server - INFO - Aggregated metrics: {'accuracy': 0.8301851851851851}
2025-07-20 17:35:10,282 - flwr - INFO - 
2025-07-20 17:35:10,282 - flwr - INFO - [ROUND 9]
2025-07-20 17:35:10,283 - flwr - INFO - configure_fit: strategy sampled 2 clients (out of 2)
2025-07-20 17:35:22,643 - flwr - INFO - aggregate_fit: received 2 results and 0 failures
2025-07-20 17:35:22,644 - Server - INFO - Round 9: Aggregating updates from 2 clients
2025-07-20 17:35:22,644 - Server - INFO - Round 9: Global model parameters updated
2025-07-20 17:35:22,645 - flwr - INFO - configure_evaluate: strategy sampled 2 clients (out of 2)
2025-07-20 17:35:22,885 - flwr - INFO - aggregate_evaluate: received 2 results and 0 failures
2025-07-20 17:35:22,885 - Server - INFO - Round 9: Aggregating evaluation results from 2 clients
2025-07-20 17:35:22,885 - Server - INFO - Aggregated metrics: {'accuracy': 0.8226157407407407}
2025-07-20 17:35:22,886 - flwr - INFO - 
2025-07-20 17:35:22,886 - flwr - INFO - [ROUND 10]
2025-07-20 17:35:22,886 - flwr - INFO - configure_fit: strategy sampled 2 clients (out of 2)
2025-07-20 17:35:35,155 - flwr - INFO - aggregate_fit: received 2 results and 0 failures
2025-07-20 17:35:35,155 - Server - INFO - Round 10: Aggregating updates from 2 clients
2025-07-20 17:35:35,156 - Server - INFO - Round 10: Global model parameters updated
2025-07-20 17:35:35,158 - Server - INFO - Model saved to SavedGlobalModel/model_round_10.pth
2025-07-20 17:35:35,158 - Server - INFO - Round 10: Saved checkpoint to model_round_10.pth
2025-07-20 17:35:35,159 - flwr - INFO - configure_evaluate: strategy sampled 2 clients (out of 2)
2025-07-20 17:35:35,391 - flwr - INFO - aggregate_evaluate: received 2 results and 0 failures
2025-07-20 17:35:35,391 - Server - INFO - Round 10: Aggregating evaluation results from 2 clients
2025-07-20 17:35:35,392 - Server - INFO - Aggregated metrics: {'accuracy': 0.8209722222222222}
2025-07-20 17:35:35,392 - flwr - INFO - 
2025-07-20 17:35:35,392 - flwr - INFO - [SUMMARY]
2025-07-20 17:35:35,392 - flwr - INFO - Run finished 10 round(s) in 565.46s
2025-07-20 17:35:35,392 - flwr - INFO - 	History (loss, distributed):
2025-07-20 17:35:35,392 - flwr - INFO - 		round 2: 0.572980210185051
2025-07-20 17:35:35,392 - flwr - INFO - 		round 3: 0.8660081326961517
2025-07-20 17:35:35,392 - flwr - INFO - 		round 4: 0.9059607088565826
2025-07-20 17:35:35,392 - flwr - INFO - 		round 5: 1.0618794858455658
2025-07-20 17:35:35,392 - flwr - INFO - 		round 6: 1.1169911921024323
2025-07-20 17:35:35,392 - flwr - INFO - 		round 7: 1.1606830954551697
2025-07-20 17:35:35,392 - flwr - INFO - 		round 8: 1.2164162993431091
2025-07-20 17:35:35,392 - flwr - INFO - 		round 9: 1.3145692348480225
2025-07-20 17:35:35,392 - flwr - INFO - 		round 10: 1.3671905398368835
2025-07-20 17:35:35,392 - flwr - INFO - 	History (metrics, distributed, evaluate):
2025-07-20 17:35:35,392 - flwr - INFO - 	{'accuracy': [(2, 0.8672453703703704),
2025-07-20 17:35:35,392 - flwr - INFO - 	              (3, 0.84875),
2025-07-20 17:35:35,392 - flwr - INFO - 	              (4, 0.8453935185185185),
2025-07-20 17:35:35,392 - flwr - INFO - 	              (5, 0.8352777777777778),
2025-07-20 17:35:35,392 - flwr - INFO - 	              (6, 0.8347453703703703),
2025-07-20 17:35:35,392 - flwr - INFO - 	              (7, 0.8271759259259259),
2025-07-20 17:35:35,392 - flwr - INFO - 	              (8, 0.8301851851851851),
2025-07-20 17:35:35,392 - flwr - INFO - 	              (9, 0.8226157407407407),
2025-07-20 17:35:35,392 - flwr - INFO - 	              (10, 0.8209722222222222)]}
2025-07-20 17:35:35,392 - flwr - INFO - 
2025-07-20 17:35:35,430 - Server - INFO - Model saved to SavedGlobalModel/final_model.pth
2025-07-20 17:35:35,432 - Server - INFO - Final model saved to SavedGlobalModel/final_model.pth
2025-07-20 17:37:15,315 - Server - INFO - SaveModelStrategy initialized
2025-07-20 17:37:15,315 - Server - INFO - Starting federated learning server at 0.0.0.0:8080
2025-07-20 17:37:15,315 - Server - INFO - Configuration: 3 rounds, 2 minimum clients
2025-07-20 17:37:15,315 - Server - INFO - Model: NeuralNetwork with 17 inputs, 10 classes
2025-07-20 17:37:15,316 - flwr - INFO - Starting Flower server, config: num_rounds=3, no round_timeout
2025-07-20 17:37:15,343 - flwr - INFO - Flower ECE: gRPC server running (3 rounds), SSL is disabled
2025-07-20 17:37:15,344 - flwr - INFO - [INIT]
2025-07-20 17:37:15,344 - flwr - INFO - Using initial global parameters provided by strategy
2025-07-20 17:37:15,344 - flwr - INFO - Starting evaluation of initial global parameters
2025-07-20 17:37:15,344 - flwr - INFO - Evaluation returned no results (`None`)
2025-07-20 17:37:15,344 - flwr - INFO - 
2025-07-20 17:37:15,344 - flwr - INFO - [ROUND 1]
2025-07-20 17:37:33,062 - flwr - INFO - configure_fit: strategy sampled 2 clients (out of 2)
2025-07-20 17:37:36,662 - flwr - INFO - aggregate_fit: received 2 results and 0 failures
2025-07-20 17:37:36,662 - Server - INFO - Round 1: Aggregating updates from 2 clients
2025-07-20 17:37:36,663 - flwr - WARNING - No fit_metrics_aggregation_fn provided
2025-07-20 17:37:36,663 - Server - INFO - Round 1: Global model parameters updated
2025-07-20 17:37:36,665 - Server - INFO - Model saved to SavedGlobalModel/model_round_1.pth
2025-07-20 17:37:36,665 - Server - INFO - Round 1: Saved checkpoint to model_round_1.pth
2025-07-20 17:37:36,665 - flwr - INFO - configure_evaluate: strategy sampled 2 clients (out of 2)
2025-07-20 17:37:36,853 - flwr - INFO - aggregate_evaluate: received 2 results and 0 failures
2025-07-20 17:37:36,853 - Server - INFO - Round 1: Aggregating evaluation results from 2 clients
2025-07-20 17:37:36,853 - Server - INFO - Aggregated metrics: {'accuracy': 0.8625231481481481}
2025-07-20 17:37:36,854 - flwr - INFO - 
2025-07-20 17:37:36,855 - flwr - INFO - [ROUND 2]
2025-07-20 17:37:36,860 - flwr - INFO - configure_fit: strategy sampled 2 clients (out of 2)
2025-07-20 17:37:40,403 - flwr - INFO - aggregate_fit: received 2 results and 0 failures
2025-07-20 17:37:40,403 - Server - INFO - Round 2: Aggregating updates from 2 clients
2025-07-20 17:37:40,405 - Server - INFO - Round 2: Global model parameters updated
2025-07-20 17:37:40,405 - flwr - INFO - configure_evaluate: strategy sampled 2 clients (out of 2)
2025-07-20 17:37:40,596 - flwr - INFO - aggregate_evaluate: received 2 results and 0 failures
2025-07-20 17:37:40,596 - Server - INFO - Round 2: Aggregating evaluation results from 2 clients
2025-07-20 17:37:40,597 - Server - INFO - Aggregated metrics: {'accuracy': 0.8633101851851852}
2025-07-20 17:37:40,597 - flwr - INFO - 
2025-07-20 17:37:40,597 - flwr - INFO - [ROUND 3]
2025-07-20 17:37:40,597 - flwr - INFO - configure_fit: strategy sampled 2 clients (out of 2)
2025-07-20 17:37:44,097 - flwr - INFO - aggregate_fit: received 2 results and 0 failures
2025-07-20 17:37:44,097 - Server - INFO - Round 3: Aggregating updates from 2 clients
2025-07-20 17:37:44,098 - Server - INFO - Round 3: Global model parameters updated
2025-07-20 17:37:44,098 - flwr - INFO - configure_evaluate: strategy sampled 2 clients (out of 2)
2025-07-20 17:37:44,282 - flwr - INFO - aggregate_evaluate: received 2 results and 0 failures
2025-07-20 17:37:44,282 - Server - INFO - Round 3: Aggregating evaluation results from 2 clients
2025-07-20 17:37:44,282 - Server - INFO - Aggregated metrics: {'accuracy': 0.8584722222222222}
2025-07-20 17:37:44,282 - flwr - INFO - 
2025-07-20 17:37:44,283 - flwr - INFO - [SUMMARY]
2025-07-20 17:37:44,283 - flwr - INFO - Run finished 3 round(s) in 28.94s
2025-07-20 17:37:44,283 - flwr - INFO - 	History (loss, distributed):
2025-07-20 17:37:44,283 - flwr - INFO - 		round 1: 0.3284911662340164
2025-07-20 17:37:44,283 - flwr - INFO - 		round 2: 0.49367664754390717
2025-07-20 17:37:44,283 - flwr - INFO - 		round 3: 0.6286452859640121
2025-07-20 17:37:44,283 - flwr - INFO - 	History (metrics, distributed, evaluate):
2025-07-20 17:37:44,283 - flwr - INFO - 	{'accuracy': [(1, 0.8625231481481481),
2025-07-20 17:37:44,283 - flwr - INFO - 	              (2, 0.8633101851851852),
2025-07-20 17:37:44,284 - flwr - INFO - 	              (3, 0.8584722222222222)]}
2025-07-20 17:37:44,284 - flwr - INFO - 
2025-07-20 17:37:44,309 - Server - INFO - Model saved to SavedGlobalModel/final_model.pth
2025-07-20 17:37:44,309 - Server - INFO - Final model saved to SavedGlobalModel/final_model.pth
2025-07-20 17:38:44,180 - Server - INFO - SaveModelStrategy initialized
2025-07-20 17:38:44,180 - Server - INFO - Starting federated learning server at 0.0.0.0:8080
2025-07-20 17:38:44,180 - Server - INFO - Configuration: 2 rounds, 2 minimum clients
2025-07-20 17:38:44,180 - Server - INFO - Model: NeuralNetwork with 17 inputs, 10 classes
2025-07-20 17:38:44,181 - flwr - INFO - Starting Flower server, config: num_rounds=2, no round_timeout
2025-07-20 17:38:44,206 - flwr - INFO - Flower ECE: gRPC server running (2 rounds), SSL is disabled
2025-07-20 17:38:44,206 - flwr - INFO - [INIT]
2025-07-20 17:38:44,206 - flwr - INFO - Using initial global parameters provided by strategy
2025-07-20 17:38:44,206 - flwr - INFO - Starting evaluation of initial global parameters
2025-07-20 17:38:44,207 - flwr - INFO - Evaluation returned no results (`None`)
2025-07-20 17:38:44,207 - flwr - INFO - 
2025-07-20 17:38:44,207 - flwr - INFO - [ROUND 1]
2025-07-20 17:38:54,124 - flwr - INFO - configure_fit: strategy sampled 2 clients (out of 2)
2025-07-20 17:38:55,893 - flwr - INFO - aggregate_fit: received 2 results and 0 failures
2025-07-20 17:38:55,894 - Server - INFO - Round 1: Aggregating updates from 2 clients
2025-07-20 17:38:55,895 - flwr - WARNING - No fit_metrics_aggregation_fn provided
2025-07-20 17:38:55,895 - Server - INFO - Round 1: Global model parameters updated
2025-07-20 17:38:55,897 - Server - INFO - Model saved to SavedGlobalModel/model_round_1.pth
2025-07-20 17:38:55,897 - Server - INFO - Round 1: Saved checkpoint to model_round_1.pth
2025-07-20 17:38:55,897 - flwr - INFO - configure_evaluate: strategy sampled 2 clients (out of 2)
2025-07-20 17:38:56,086 - flwr - INFO - aggregate_evaluate: received 2 results and 0 failures
2025-07-20 17:38:56,087 - Server - INFO - Round 1: Aggregating evaluation results from 2 clients
2025-07-20 17:38:56,087 - Server - INFO - Aggregated metrics: {'accuracy': 0.842037037037037}
2025-07-20 17:38:56,087 - flwr - INFO - 
2025-07-20 17:38:56,087 - flwr - INFO - [ROUND 2]
2025-07-20 17:38:56,087 - flwr - INFO - configure_fit: strategy sampled 2 clients (out of 2)
2025-07-20 17:38:57,819 - flwr - INFO - aggregate_fit: received 2 results and 0 failures
2025-07-20 17:38:57,820 - Server - INFO - Round 2: Aggregating updates from 2 clients
2025-07-20 17:38:57,820 - Server - INFO - Round 2: Global model parameters updated
2025-07-20 17:38:57,820 - flwr - INFO - configure_evaluate: strategy sampled 2 clients (out of 2)
2025-07-20 17:38:58,020 - flwr - INFO - aggregate_evaluate: received 2 results and 0 failures
2025-07-20 17:38:58,020 - Server - INFO - Round 2: Aggregating evaluation results from 2 clients
2025-07-20 17:38:58,020 - Server - INFO - Aggregated metrics: {'accuracy': 0.86875}
2025-07-20 17:38:58,020 - flwr - INFO - 
2025-07-20 17:38:58,020 - flwr - INFO - [SUMMARY]
2025-07-20 17:38:58,020 - flwr - INFO - Run finished 2 round(s) in 13.81s
2025-07-20 17:38:58,021 - flwr - INFO - 	History (loss, distributed):
2025-07-20 17:38:58,021 - flwr - INFO - 		round 1: 0.33967290818691254
2025-07-20 17:38:58,021 - flwr - INFO - 		round 2: 0.32651326060295105
2025-07-20 17:38:58,021 - flwr - INFO - 	History (metrics, distributed, evaluate):
2025-07-20 17:38:58,021 - flwr - INFO - 	{'accuracy': [(1, 0.842037037037037), (2, 0.86875)]}
2025-07-20 17:38:58,021 - flwr - INFO - 
2025-07-20 17:38:58,052 - Server - INFO - Model saved to SavedGlobalModel/final_model.pth
2025-07-20 17:38:58,052 - Server - INFO - Final model saved to SavedGlobalModel/final_model.pth
2025-07-20 17:39:27,930 - Server - INFO - SaveModelStrategy initialized
2025-07-20 17:39:27,931 - Server - INFO - Starting federated learning server at 0.0.0.0:8080
2025-07-20 17:39:27,931 - Server - INFO - Configuration: 4 rounds, 2 minimum clients
2025-07-20 17:39:27,931 - Server - INFO - Model: NeuralNetwork with 17 inputs, 10 classes
2025-07-20 17:39:27,933 - flwr - INFO - Starting Flower server, config: num_rounds=4, no round_timeout
2025-07-20 17:39:27,948 - flwr - INFO - Flower ECE: gRPC server running (4 rounds), SSL is disabled
2025-07-20 17:39:27,948 - flwr - INFO - [INIT]
2025-07-20 17:39:27,948 - flwr - INFO - Using initial global parameters provided by strategy
2025-07-20 17:39:27,948 - flwr - INFO - Starting evaluation of initial global parameters
2025-07-20 17:39:27,948 - flwr - INFO - Evaluation returned no results (`None`)
2025-07-20 17:39:27,948 - flwr - INFO - 
2025-07-20 17:39:27,948 - flwr - INFO - [ROUND 1]
2025-07-20 17:39:35,802 - flwr - INFO - configure_fit: strategy sampled 2 clients (out of 2)
2025-07-20 17:39:37,619 - flwr - INFO - aggregate_fit: received 2 results and 0 failures
2025-07-20 17:39:37,619 - Server - INFO - Round 1: Aggregating updates from 2 clients
2025-07-20 17:39:37,621 - flwr - WARNING - No fit_metrics_aggregation_fn provided
2025-07-20 17:39:37,621 - Server - INFO - Round 1: Global model parameters updated
2025-07-20 17:39:37,623 - Server - INFO - Model saved to SavedGlobalModel/model_round_1.pth
2025-07-20 17:39:37,623 - Server - INFO - Round 1: Saved checkpoint to model_round_1.pth
2025-07-20 17:39:37,623 - flwr - INFO - configure_evaluate: strategy sampled 2 clients (out of 2)
2025-07-20 17:39:37,832 - flwr - INFO - aggregate_evaluate: received 2 results and 0 failures
2025-07-20 17:39:37,832 - Server - INFO - Round 1: Aggregating evaluation results from 2 clients
2025-07-20 17:39:37,832 - Server - INFO - Aggregated metrics: {'accuracy': 0.851550925925926}
2025-07-20 17:39:37,832 - flwr - INFO - 
2025-07-20 17:39:37,832 - flwr - INFO - [ROUND 2]
2025-07-20 17:39:37,832 - flwr - INFO - configure_fit: strategy sampled 2 clients (out of 2)
2025-07-20 17:39:39,676 - flwr - INFO - aggregate_fit: received 2 results and 0 failures
2025-07-20 17:39:39,676 - Server - INFO - Round 2: Aggregating updates from 2 clients
2025-07-20 17:39:39,677 - Server - INFO - Round 2: Global model parameters updated
2025-07-20 17:39:39,677 - flwr - INFO - configure_evaluate: strategy sampled 2 clients (out of 2)
2025-07-20 17:39:39,859 - flwr - INFO - aggregate_evaluate: received 2 results and 0 failures
2025-07-20 17:39:39,860 - Server - INFO - Round 2: Aggregating evaluation results from 2 clients
2025-07-20 17:39:39,860 - Server - INFO - Aggregated metrics: {'accuracy': 0.8811805555555555}
2025-07-20 17:39:39,860 - flwr - INFO - 
2025-07-20 17:39:39,860 - flwr - INFO - [ROUND 3]
2025-07-20 17:39:39,860 - flwr - INFO - configure_fit: strategy sampled 2 clients (out of 2)
2025-07-20 17:39:41,676 - flwr - INFO - aggregate_fit: received 2 results and 0 failures
2025-07-20 17:39:41,677 - Server - INFO - Round 3: Aggregating updates from 2 clients
2025-07-20 17:39:41,678 - Server - INFO - Round 3: Global model parameters updated
2025-07-20 17:39:41,678 - flwr - INFO - configure_evaluate: strategy sampled 2 clients (out of 2)
2025-07-20 17:39:41,862 - flwr - INFO - aggregate_evaluate: received 2 results and 0 failures
2025-07-20 17:39:41,862 - Server - INFO - Round 3: Aggregating evaluation results from 2 clients
2025-07-20 17:39:41,863 - Server - INFO - Aggregated metrics: {'accuracy': 0.8768287037037037}
2025-07-20 17:39:41,863 - flwr - INFO - 
2025-07-20 17:39:41,863 - flwr - INFO - [ROUND 4]
2025-07-20 17:39:41,863 - flwr - INFO - configure_fit: strategy sampled 2 clients (out of 2)
2025-07-20 17:39:43,662 - flwr - INFO - aggregate_fit: received 2 results and 0 failures
2025-07-20 17:39:43,662 - Server - INFO - Round 4: Aggregating updates from 2 clients
2025-07-20 17:39:43,664 - Server - INFO - Round 4: Global model parameters updated
2025-07-20 17:39:43,664 - flwr - INFO - configure_evaluate: strategy sampled 2 clients (out of 2)
2025-07-20 17:39:43,844 - flwr - INFO - aggregate_evaluate: received 2 results and 0 failures
2025-07-20 17:39:43,844 - Server - INFO - Round 4: Aggregating evaluation results from 2 clients
2025-07-20 17:39:43,844 - Server - INFO - Aggregated metrics: {'accuracy': 0.8742129629629629}
2025-07-20 17:39:43,844 - flwr - INFO - 
2025-07-20 17:39:43,844 - flwr - INFO - [SUMMARY]
2025-07-20 17:39:43,844 - flwr - INFO - Run finished 4 round(s) in 15.90s
2025-07-20 17:39:43,844 - flwr - INFO - 	History (loss, distributed):
2025-07-20 17:39:43,844 - flwr - INFO - 		round 1: 0.3495911508798599
2025-07-20 17:39:43,844 - flwr - INFO - 		round 2: 0.2778240591287613
2025-07-20 17:39:43,844 - flwr - INFO - 		round 3: 0.3379952386021614
2025-07-20 17:39:43,844 - flwr - INFO - 		round 4: 0.37939153611660004
2025-07-20 17:39:43,844 - flwr - INFO - 	History (metrics, distributed, evaluate):
2025-07-20 17:39:43,844 - flwr - INFO - 	{'accuracy': [(1, 0.851550925925926),
2025-07-20 17:39:43,844 - flwr - INFO - 	              (2, 0.8811805555555555),
2025-07-20 17:39:43,844 - flwr - INFO - 	              (3, 0.8768287037037037),
2025-07-20 17:39:43,844 - flwr - INFO - 	              (4, 0.8742129629629629)]}
2025-07-20 17:39:43,844 - flwr - INFO - 
2025-07-20 17:39:43,869 - Server - INFO - Model saved to SavedGlobalModel/final_model.pth
2025-07-20 17:39:43,869 - Server - INFO - Final model saved to SavedGlobalModel/final_model.pth
2025-07-20 17:40:19,631 - Server - INFO - SaveModelStrategy initialized
2025-07-20 17:40:19,631 - Server - INFO - Starting federated learning server at 0.0.0.0:8080
2025-07-20 17:40:19,631 - Server - INFO - Configuration: 6 rounds, 2 minimum clients
2025-07-20 17:40:19,631 - Server - INFO - Model: NeuralNetwork with 17 inputs, 10 classes
2025-07-20 17:40:19,631 - flwr - INFO - Starting Flower server, config: num_rounds=6, no round_timeout
2025-07-20 17:40:19,657 - flwr - INFO - Flower ECE: gRPC server running (6 rounds), SSL is disabled
2025-07-20 17:40:19,657 - flwr - INFO - [INIT]
2025-07-20 17:40:19,657 - flwr - INFO - Using initial global parameters provided by strategy
2025-07-20 17:40:19,657 - flwr - INFO - Starting evaluation of initial global parameters
2025-07-20 17:40:19,657 - flwr - INFO - Evaluation returned no results (`None`)
2025-07-20 17:40:19,657 - flwr - INFO - 
2025-07-20 17:40:19,657 - flwr - INFO - [ROUND 1]
2025-07-20 17:40:27,822 - flwr - INFO - configure_fit: strategy sampled 2 clients (out of 2)
2025-07-20 17:40:29,616 - flwr - INFO - aggregate_fit: received 2 results and 0 failures
2025-07-20 17:40:29,616 - Server - INFO - Round 1: Aggregating updates from 2 clients
2025-07-20 17:40:29,617 - flwr - WARNING - No fit_metrics_aggregation_fn provided
2025-07-20 17:40:29,617 - Server - INFO - Round 1: Global model parameters updated
2025-07-20 17:40:29,620 - Server - INFO - Model saved to SavedGlobalModel/model_round_1.pth
2025-07-20 17:40:29,620 - Server - INFO - Round 1: Saved checkpoint to model_round_1.pth
2025-07-20 17:40:29,620 - flwr - INFO - configure_evaluate: strategy sampled 2 clients (out of 2)
2025-07-20 17:40:29,799 - flwr - INFO - aggregate_evaluate: received 2 results and 0 failures
2025-07-20 17:40:29,801 - Server - INFO - Round 1: Aggregating evaluation results from 2 clients
2025-07-20 17:40:29,801 - Server - INFO - Aggregated metrics: {'accuracy': 0.8575462962962963}
2025-07-20 17:40:29,801 - flwr - INFO - 
2025-07-20 17:40:29,801 - flwr - INFO - [ROUND 2]
2025-07-20 17:40:29,801 - flwr - INFO - configure_fit: strategy sampled 2 clients (out of 2)
2025-07-20 17:40:31,624 - flwr - INFO - aggregate_fit: received 2 results and 0 failures
2025-07-20 17:40:31,624 - Server - INFO - Round 2: Aggregating updates from 2 clients
2025-07-20 17:40:31,625 - Server - INFO - Round 2: Global model parameters updated
2025-07-20 17:40:31,625 - flwr - INFO - configure_evaluate: strategy sampled 2 clients (out of 2)
2025-07-20 17:40:31,810 - flwr - INFO - aggregate_evaluate: received 2 results and 0 failures
2025-07-20 17:40:31,811 - Server - INFO - Round 2: Aggregating evaluation results from 2 clients
2025-07-20 17:40:31,811 - Server - INFO - Aggregated metrics: {'accuracy': 0.885462962962963}
2025-07-20 17:40:31,811 - flwr - INFO - 
2025-07-20 17:40:31,811 - flwr - INFO - [ROUND 3]
2025-07-20 17:40:31,811 - flwr - INFO - configure_fit: strategy sampled 2 clients (out of 2)
2025-07-20 17:40:33,609 - flwr - INFO - aggregate_fit: received 2 results and 0 failures
2025-07-20 17:40:33,609 - Server - INFO - Round 3: Aggregating updates from 2 clients
2025-07-20 17:40:33,610 - Server - INFO - Round 3: Global model parameters updated
2025-07-20 17:40:33,610 - flwr - INFO - configure_evaluate: strategy sampled 2 clients (out of 2)
2025-07-20 17:40:33,791 - flwr - INFO - aggregate_evaluate: received 2 results and 0 failures
2025-07-20 17:40:33,791 - Server - INFO - Round 3: Aggregating evaluation results from 2 clients
2025-07-20 17:40:33,791 - Server - INFO - Aggregated metrics: {'accuracy': 0.8774768518518519}
2025-07-20 17:40:33,791 - flwr - INFO - 
2025-07-20 17:40:33,791 - flwr - INFO - [ROUND 4]
2025-07-20 17:40:33,791 - flwr - INFO - configure_fit: strategy sampled 2 clients (out of 2)
2025-07-20 17:40:36,013 - flwr - INFO - aggregate_fit: received 2 results and 0 failures
2025-07-20 17:40:36,013 - Server - INFO - Round 4: Aggregating updates from 2 clients
2025-07-20 17:40:36,014 - Server - INFO - Round 4: Global model parameters updated
2025-07-20 17:40:36,015 - flwr - INFO - configure_evaluate: strategy sampled 2 clients (out of 2)
2025-07-20 17:40:36,249 - flwr - INFO - aggregate_evaluate: received 2 results and 0 failures
2025-07-20 17:40:36,249 - Server - INFO - Round 4: Aggregating evaluation results from 2 clients
2025-07-20 17:40:36,249 - Server - INFO - Aggregated metrics: {'accuracy': 0.8709027777777778}
2025-07-20 17:40:36,249 - flwr - INFO - 
2025-07-20 17:40:36,249 - flwr - INFO - [ROUND 5]
2025-07-20 17:40:36,249 - flwr - INFO - configure_fit: strategy sampled 2 clients (out of 2)
2025-07-20 17:40:38,529 - flwr - INFO - aggregate_fit: received 2 results and 0 failures
2025-07-20 17:40:38,529 - Server - INFO - Round 5: Aggregating updates from 2 clients
2025-07-20 17:40:38,530 - Server - INFO - Round 5: Global model parameters updated
2025-07-20 17:40:38,533 - Server - INFO - Model saved to SavedGlobalModel/model_round_5.pth
2025-07-20 17:40:38,533 - Server - INFO - Round 5: Saved checkpoint to model_round_5.pth
2025-07-20 17:40:38,533 - flwr - INFO - configure_evaluate: strategy sampled 2 clients (out of 2)
2025-07-20 17:40:38,769 - flwr - INFO - aggregate_evaluate: received 2 results and 0 failures
2025-07-20 17:40:38,769 - Server - INFO - Round 5: Aggregating evaluation results from 2 clients
2025-07-20 17:40:38,769 - Server - INFO - Aggregated metrics: {'accuracy': 0.8655092592592593}
2025-07-20 17:40:38,769 - flwr - INFO - 
2025-07-20 17:40:38,769 - flwr - INFO - [ROUND 6]
2025-07-20 17:40:38,769 - flwr - INFO - configure_fit: strategy sampled 2 clients (out of 2)
2025-07-20 17:40:41,041 - flwr - INFO - aggregate_fit: received 2 results and 0 failures
2025-07-20 17:40:41,041 - Server - INFO - Round 6: Aggregating updates from 2 clients
2025-07-20 17:40:41,042 - Server - INFO - Round 6: Global model parameters updated
2025-07-20 17:40:41,044 - flwr - INFO - configure_evaluate: strategy sampled 2 clients (out of 2)
2025-07-20 17:40:41,278 - flwr - INFO - aggregate_evaluate: received 2 results and 0 failures
2025-07-20 17:40:41,279 - Server - INFO - Round 6: Aggregating evaluation results from 2 clients
2025-07-20 17:40:41,279 - Server - INFO - Aggregated metrics: {'accuracy': 0.8478935185185185}
2025-07-20 17:40:41,279 - flwr - INFO - 
2025-07-20 17:40:41,279 - flwr - INFO - [SUMMARY]
2025-07-20 17:40:41,279 - flwr - INFO - Run finished 6 round(s) in 21.62s
2025-07-20 17:40:41,279 - flwr - INFO - 	History (loss, distributed):
2025-07-20 17:40:41,279 - flwr - INFO - 		round 1: 0.3235827386379242
2025-07-20 17:40:41,279 - flwr - INFO - 		round 2: 0.3013182431459427
2025-07-20 17:40:41,280 - flwr - INFO - 		round 3: 0.34263135492801666
2025-07-20 17:40:41,280 - flwr - INFO - 		round 4: 0.39421841502189636
2025-07-20 17:40:41,280 - flwr - INFO - 		round 5: 0.46420949697494507
2025-07-20 17:40:41,280 - flwr - INFO - 		round 6: 0.531172901391983
2025-07-20 17:40:41,280 - flwr - INFO - 	History (metrics, distributed, evaluate):
2025-07-20 17:40:41,280 - flwr - INFO - 	{'accuracy': [(1, 0.8575462962962963),
2025-07-20 17:40:41,280 - flwr - INFO - 	              (2, 0.885462962962963),
2025-07-20 17:40:41,280 - flwr - INFO - 	              (3, 0.8774768518518519),
2025-07-20 17:40:41,280 - flwr - INFO - 	              (4, 0.8709027777777778),
2025-07-20 17:40:41,280 - flwr - INFO - 	              (5, 0.8655092592592593),
2025-07-20 17:40:41,280 - flwr - INFO - 	              (6, 0.8478935185185185)]}
2025-07-20 17:40:41,280 - flwr - INFO - 
2025-07-20 17:40:41,315 - Server - INFO - Model saved to SavedGlobalModel/final_model.pth
2025-07-20 17:40:41,315 - Server - INFO - Final model saved to SavedGlobalModel/final_model.pth
2025-07-20 17:42:51,490 - Server - INFO - SaveModelStrategy initialized
2025-07-20 17:42:51,491 - Server - INFO - Starting federated learning server at 0.0.0.0:8080
2025-07-20 17:42:51,491 - Server - INFO - Configuration: 3 rounds, 2 minimum clients
2025-07-20 17:42:51,491 - Server - INFO - Model: NeuralNetwork with 17 inputs, 10 classes
2025-07-20 17:42:51,492 - flwr - INFO - Starting Flower server, config: num_rounds=3, no round_timeout
2025-07-20 17:42:51,516 - flwr - INFO - Flower ECE: gRPC server running (3 rounds), SSL is disabled
2025-07-20 17:42:51,516 - flwr - INFO - [INIT]
2025-07-20 17:42:51,517 - flwr - INFO - Using initial global parameters provided by strategy
2025-07-20 17:42:51,517 - flwr - INFO - Starting evaluation of initial global parameters
2025-07-20 17:42:51,517 - flwr - INFO - Evaluation returned no results (`None`)
2025-07-20 17:42:51,517 - flwr - INFO - 
2025-07-20 17:42:51,517 - flwr - INFO - [ROUND 1]
2025-07-20 17:43:02,751 - flwr - INFO - configure_fit: strategy sampled 2 clients (out of 2)
2025-07-20 17:43:04,513 - flwr - INFO - aggregate_fit: received 2 results and 0 failures
2025-07-20 17:43:04,513 - Server - INFO - Round 1: Aggregating updates from 2 clients
2025-07-20 17:43:04,514 - flwr - WARNING - No fit_metrics_aggregation_fn provided
2025-07-20 17:43:04,514 - Server - INFO - Round 1: Global model parameters updated
2025-07-20 17:43:04,516 - Server - INFO - Model saved to SavedGlobalModel/model_round_1.pth
2025-07-20 17:43:04,518 - Server - INFO - Round 1: Saved checkpoint to model_round_1.pth
2025-07-20 17:43:04,518 - flwr - INFO - configure_evaluate: strategy sampled 2 clients (out of 2)
2025-07-20 17:43:04,708 - flwr - INFO - aggregate_evaluate: received 2 results and 0 failures
2025-07-20 17:43:04,708 - Server - INFO - Round 1: Aggregating evaluation results from 2 clients
2025-07-20 17:43:04,708 - Server - INFO - Aggregated metrics: {'accuracy': 0.8911574074074075}
2025-07-20 17:43:04,708 - flwr - INFO - 
2025-07-20 17:43:04,710 - flwr - INFO - [ROUND 2]
2025-07-20 17:43:04,710 - flwr - INFO - configure_fit: strategy sampled 2 clients (out of 2)
2025-07-20 17:43:06,532 - flwr - INFO - aggregate_fit: received 2 results and 0 failures
2025-07-20 17:43:06,532 - Server - INFO - Round 2: Aggregating updates from 2 clients
2025-07-20 17:43:06,533 - Server - INFO - Round 2: Global model parameters updated
2025-07-20 17:43:06,533 - flwr - INFO - configure_evaluate: strategy sampled 2 clients (out of 2)
2025-07-20 17:43:06,721 - flwr - INFO - aggregate_evaluate: received 2 results and 0 failures
2025-07-20 17:43:06,721 - Server - INFO - Round 2: Aggregating evaluation results from 2 clients
2025-07-20 17:43:06,721 - Server - INFO - Aggregated metrics: {'accuracy': 0.9342592592592592}
2025-07-20 17:43:06,721 - flwr - INFO - 
2025-07-20 17:43:06,721 - flwr - INFO - [ROUND 3]
2025-07-20 17:43:06,722 - flwr - INFO - configure_fit: strategy sampled 2 clients (out of 2)
2025-07-20 17:43:08,533 - flwr - INFO - aggregate_fit: received 2 results and 0 failures
2025-07-20 17:43:08,533 - Server - INFO - Round 3: Aggregating updates from 2 clients
2025-07-20 17:43:08,534 - Server - INFO - Round 3: Global model parameters updated
2025-07-20 17:43:08,534 - flwr - INFO - configure_evaluate: strategy sampled 2 clients (out of 2)
2025-07-20 17:43:08,731 - flwr - INFO - aggregate_evaluate: received 2 results and 0 failures
2025-07-20 17:43:08,731 - Server - INFO - Round 3: Aggregating evaluation results from 2 clients
2025-07-20 17:43:08,731 - Server - INFO - Aggregated metrics: {'accuracy': 0.9534259259259259}
2025-07-20 17:43:08,731 - flwr - INFO - 
2025-07-20 17:43:08,731 - flwr - INFO - [SUMMARY]
2025-07-20 17:43:08,731 - flwr - INFO - Run finished 3 round(s) in 17.21s
2025-07-20 17:43:08,731 - flwr - INFO - 	History (loss, distributed):
2025-07-20 17:43:08,732 - flwr - INFO - 		round 1: 0.2374318540096283
2025-07-20 17:43:08,732 - flwr - INFO - 		round 2: 0.15651629865169525
2025-07-20 17:43:08,732 - flwr - INFO - 		round 3: 0.11908815801143646
2025-07-20 17:43:08,732 - flwr - INFO - 	History (metrics, distributed, evaluate):
2025-07-20 17:43:08,732 - flwr - INFO - 	{'accuracy': [(1, 0.8911574074074075),
2025-07-20 17:43:08,732 - flwr - INFO - 	              (2, 0.9342592592592592),
2025-07-20 17:43:08,732 - flwr - INFO - 	              (3, 0.9534259259259259)]}
2025-07-20 17:43:08,732 - flwr - INFO - 
2025-07-20 17:43:08,762 - Server - INFO - Model saved to SavedGlobalModel/final_model.pth
2025-07-20 17:43:08,762 - Server - INFO - Final model saved to SavedGlobalModel/final_model.pth
2025-07-20 17:43:35,685 - Server - INFO - SaveModelStrategy initialized
2025-07-20 17:43:35,685 - Server - INFO - Starting federated learning server at 0.0.0.0:8080
2025-07-20 17:43:35,685 - Server - INFO - Configuration: 5 rounds, 2 minimum clients
2025-07-20 17:43:35,685 - Server - INFO - Model: NeuralNetwork with 17 inputs, 10 classes
2025-07-20 17:43:35,686 - flwr - INFO - Starting Flower server, config: num_rounds=5, no round_timeout
2025-07-20 17:43:35,712 - flwr - INFO - Flower ECE: gRPC server running (5 rounds), SSL is disabled
2025-07-20 17:43:35,712 - flwr - INFO - [INIT]
2025-07-20 17:43:35,712 - flwr - INFO - Using initial global parameters provided by strategy
2025-07-20 17:43:35,712 - flwr - INFO - Starting evaluation of initial global parameters
2025-07-20 17:43:35,713 - flwr - INFO - Evaluation returned no results (`None`)
2025-07-20 17:43:35,713 - flwr - INFO - 
2025-07-20 17:43:35,713 - flwr - INFO - [ROUND 1]
2025-07-20 17:43:42,114 - flwr - INFO - configure_fit: strategy sampled 2 clients (out of 2)
2025-07-20 17:43:43,900 - flwr - INFO - aggregate_fit: received 2 results and 0 failures
2025-07-20 17:43:43,900 - Server - INFO - Round 1: Aggregating updates from 2 clients
2025-07-20 17:43:43,901 - flwr - WARNING - No fit_metrics_aggregation_fn provided
2025-07-20 17:43:43,901 - Server - INFO - Round 1: Global model parameters updated
2025-07-20 17:43:43,903 - Server - INFO - Model saved to SavedGlobalModel/model_round_1.pth
2025-07-20 17:43:43,903 - Server - INFO - Round 1: Saved checkpoint to model_round_1.pth
2025-07-20 17:43:43,904 - flwr - INFO - configure_evaluate: strategy sampled 2 clients (out of 2)
2025-07-20 17:43:44,110 - flwr - INFO - aggregate_evaluate: received 2 results and 0 failures
2025-07-20 17:43:44,110 - Server - INFO - Round 1: Aggregating evaluation results from 2 clients
2025-07-20 17:43:44,110 - Server - INFO - Aggregated metrics: {'accuracy': 0.88375}
2025-07-20 17:43:44,111 - flwr - INFO - 
2025-07-20 17:43:44,111 - flwr - INFO - [ROUND 2]
2025-07-20 17:43:44,111 - flwr - INFO - configure_fit: strategy sampled 2 clients (out of 2)
2025-07-20 17:43:45,956 - flwr - INFO - aggregate_fit: received 2 results and 0 failures
2025-07-20 17:43:45,956 - Server - INFO - Round 2: Aggregating updates from 2 clients
2025-07-20 17:43:45,958 - Server - INFO - Round 2: Global model parameters updated
2025-07-20 17:43:45,958 - flwr - INFO - configure_evaluate: strategy sampled 2 clients (out of 2)
2025-07-20 17:43:46,149 - flwr - INFO - aggregate_evaluate: received 2 results and 0 failures
2025-07-20 17:43:46,149 - Server - INFO - Round 2: Aggregating evaluation results from 2 clients
2025-07-20 17:43:46,149 - Server - INFO - Aggregated metrics: {'accuracy': 0.9422222222222222}
2025-07-20 17:43:46,149 - flwr - INFO - 
2025-07-20 17:43:46,149 - flwr - INFO - [ROUND 3]
2025-07-20 17:43:46,149 - flwr - INFO - configure_fit: strategy sampled 2 clients (out of 2)
2025-07-20 17:43:47,929 - flwr - INFO - aggregate_fit: received 2 results and 0 failures
2025-07-20 17:43:47,929 - Server - INFO - Round 3: Aggregating updates from 2 clients
2025-07-20 17:43:47,931 - Server - INFO - Round 3: Global model parameters updated
2025-07-20 17:43:47,931 - flwr - INFO - configure_evaluate: strategy sampled 2 clients (out of 2)
2025-07-20 17:43:48,108 - flwr - INFO - aggregate_evaluate: received 2 results and 0 failures
2025-07-20 17:43:48,108 - Server - INFO - Round 3: Aggregating evaluation results from 2 clients
2025-07-20 17:43:48,109 - Server - INFO - Aggregated metrics: {'accuracy': 0.9710648148148148}
2025-07-20 17:43:48,109 - flwr - INFO - 
2025-07-20 17:43:48,109 - flwr - INFO - [ROUND 4]
2025-07-20 17:43:48,109 - flwr - INFO - configure_fit: strategy sampled 2 clients (out of 2)
2025-07-20 17:43:49,896 - flwr - INFO - aggregate_fit: received 2 results and 0 failures
2025-07-20 17:43:49,896 - Server - INFO - Round 4: Aggregating updates from 2 clients
2025-07-20 17:43:49,897 - Server - INFO - Round 4: Global model parameters updated
2025-07-20 17:43:49,897 - flwr - INFO - configure_evaluate: strategy sampled 2 clients (out of 2)
2025-07-20 17:43:50,080 - flwr - INFO - aggregate_evaluate: received 2 results and 0 failures
2025-07-20 17:43:50,080 - Server - INFO - Round 4: Aggregating evaluation results from 2 clients
2025-07-20 17:43:50,080 - Server - INFO - Aggregated metrics: {'accuracy': 0.9864351851851851}
2025-07-20 17:43:50,080 - flwr - INFO - 
2025-07-20 17:43:50,080 - flwr - INFO - [ROUND 5]
2025-07-20 17:43:50,080 - flwr - INFO - configure_fit: strategy sampled 2 clients (out of 2)
2025-07-20 17:43:51,854 - flwr - INFO - aggregate_fit: received 2 results and 0 failures
2025-07-20 17:43:51,854 - Server - INFO - Round 5: Aggregating updates from 2 clients
2025-07-20 17:43:51,855 - Server - INFO - Round 5: Global model parameters updated
2025-07-20 17:43:51,856 - Server - INFO - Model saved to SavedGlobalModel/model_round_5.pth
2025-07-20 17:43:51,857 - Server - INFO - Round 5: Saved checkpoint to model_round_5.pth
2025-07-20 17:43:51,857 - flwr - INFO - configure_evaluate: strategy sampled 2 clients (out of 2)
2025-07-20 17:43:52,036 - flwr - INFO - aggregate_evaluate: received 2 results and 0 failures
2025-07-20 17:43:52,036 - Server - INFO - Round 5: Aggregating evaluation results from 2 clients
2025-07-20 17:43:52,036 - Server - INFO - Aggregated metrics: {'accuracy': 0.9886574074074074}
2025-07-20 17:43:52,036 - flwr - INFO - 
2025-07-20 17:43:52,036 - flwr - INFO - [SUMMARY]
2025-07-20 17:43:52,036 - flwr - INFO - Run finished 5 round(s) in 16.32s
2025-07-20 17:43:52,037 - flwr - INFO - 	History (loss, distributed):
2025-07-20 17:43:52,037 - flwr - INFO - 		round 1: 0.23477236926555634
2025-07-20 17:43:52,037 - flwr - INFO - 		round 2: 0.15252891182899475
2025-07-20 17:43:52,037 - flwr - INFO - 		round 3: 0.09508773684501648
2025-07-20 17:43:52,037 - flwr - INFO - 		round 4: 0.06206760182976723
2025-07-20 17:43:52,037 - flwr - INFO - 		round 5: 0.044677093625068665
2025-07-20 17:43:52,037 - flwr - INFO - 	History (metrics, distributed, evaluate):
2025-07-20 17:43:52,037 - flwr - INFO - 	{'accuracy': [(1, 0.88375),
2025-07-20 17:43:52,037 - flwr - INFO - 	              (2, 0.9422222222222222),
2025-07-20 17:43:52,037 - flwr - INFO - 	              (3, 0.9710648148148148),
2025-07-20 17:43:52,037 - flwr - INFO - 	              (4, 0.9864351851851851),
2025-07-20 17:43:52,037 - flwr - INFO - 	              (5, 0.9886574074074074)]}
2025-07-20 17:43:52,037 - flwr - INFO - 
2025-07-20 17:43:52,072 - Server - INFO - Model saved to SavedGlobalModel/final_model.pth
2025-07-20 17:43:52,073 - Server - INFO - Final model saved to SavedGlobalModel/final_model.pth
2025-07-20 17:46:20,491 - Server - INFO - SaveModelStrategy initialized
2025-07-20 17:46:20,491 - Server - INFO - Starting federated learning server at 0.0.0.0:8080
2025-07-20 17:46:20,491 - Server - INFO - Configuration: 5 rounds, 2 minimum clients
2025-07-20 17:46:20,491 - Server - INFO - Model: NeuralNetwork with 17 inputs, 10 classes
2025-07-20 17:46:20,492 - flwr - INFO - Starting Flower server, config: num_rounds=5, no round_timeout
2025-07-20 17:46:20,514 - flwr - INFO - Flower ECE: gRPC server running (5 rounds), SSL is disabled
2025-07-20 17:46:20,515 - flwr - INFO - [INIT]
2025-07-20 17:46:20,515 - flwr - INFO - Using initial global parameters provided by strategy
2025-07-20 17:46:20,515 - flwr - INFO - Starting evaluation of initial global parameters
2025-07-20 17:46:20,515 - flwr - INFO - Evaluation returned no results (`None`)
2025-07-20 17:46:20,515 - flwr - INFO - 
2025-07-20 17:46:20,515 - flwr - INFO - [ROUND 1]
2025-07-20 17:46:32,647 - flwr - INFO - configure_fit: strategy sampled 2 clients (out of 2)
2025-07-20 17:46:34,369 - flwr - INFO - aggregate_fit: received 2 results and 0 failures
2025-07-20 17:46:34,369 - Server - INFO - Round 1: Aggregating updates from 2 clients
2025-07-20 17:46:34,371 - flwr - WARNING - No fit_metrics_aggregation_fn provided
2025-07-20 17:46:34,371 - Server - INFO - Round 1: Global model parameters updated
2025-07-20 17:46:34,374 - Server - INFO - Model saved to SavedGlobalModel/model_round_1.pth
2025-07-20 17:46:34,374 - Server - INFO - Round 1: Saved checkpoint to model_round_1.pth
2025-07-20 17:46:34,374 - flwr - INFO - configure_evaluate: strategy sampled 2 clients (out of 2)
2025-07-20 17:46:34,552 - flwr - INFO - aggregate_evaluate: received 2 results and 0 failures
2025-07-20 17:46:34,552 - Server - INFO - Round 1: Aggregating evaluation results from 2 clients
2025-07-20 17:46:34,552 - Server - INFO - Aggregated metrics: {'accuracy': 0.8498148148148148}
2025-07-20 17:46:34,552 - flwr - INFO - 
2025-07-20 17:46:34,552 - flwr - INFO - [ROUND 2]
2025-07-20 17:46:34,552 - flwr - INFO - configure_fit: strategy sampled 2 clients (out of 2)
2025-07-20 17:46:36,302 - flwr - INFO - aggregate_fit: received 2 results and 0 failures
2025-07-20 17:46:36,302 - Server - INFO - Round 2: Aggregating updates from 2 clients
2025-07-20 17:46:36,303 - Server - INFO - Round 2: Global model parameters updated
2025-07-20 17:46:36,303 - flwr - INFO - configure_evaluate: strategy sampled 2 clients (out of 2)
2025-07-20 17:46:36,496 - flwr - INFO - aggregate_evaluate: received 2 results and 0 failures
2025-07-20 17:46:36,496 - Server - INFO - Round 2: Aggregating evaluation results from 2 clients
2025-07-20 17:46:36,496 - Server - INFO - Aggregated metrics: {'accuracy': 0.8762037037037037}
2025-07-20 17:46:36,496 - flwr - INFO - 
2025-07-20 17:46:36,496 - flwr - INFO - [ROUND 3]
2025-07-20 17:46:36,496 - flwr - INFO - configure_fit: strategy sampled 2 clients (out of 2)
2025-07-20 17:46:38,263 - flwr - INFO - aggregate_fit: received 2 results and 0 failures
2025-07-20 17:46:38,263 - Server - INFO - Round 3: Aggregating updates from 2 clients
2025-07-20 17:46:38,264 - Server - INFO - Round 3: Global model parameters updated
2025-07-20 17:46:38,265 - flwr - INFO - configure_evaluate: strategy sampled 2 clients (out of 2)
2025-07-20 17:46:38,442 - flwr - INFO - aggregate_evaluate: received 2 results and 0 failures
2025-07-20 17:46:38,442 - Server - INFO - Round 3: Aggregating evaluation results from 2 clients
2025-07-20 17:46:38,442 - Server - INFO - Aggregated metrics: {'accuracy': 0.8794907407407407}
2025-07-20 17:46:38,442 - flwr - INFO - 
2025-07-20 17:46:38,442 - flwr - INFO - [ROUND 4]
2025-07-20 17:46:38,442 - flwr - INFO - configure_fit: strategy sampled 2 clients (out of 2)
2025-07-20 17:46:40,251 - flwr - INFO - aggregate_fit: received 2 results and 0 failures
2025-07-20 17:46:40,251 - Server - INFO - Round 4: Aggregating updates from 2 clients
2025-07-20 17:46:40,252 - Server - INFO - Round 4: Global model parameters updated
2025-07-20 17:46:40,252 - flwr - INFO - configure_evaluate: strategy sampled 2 clients (out of 2)
2025-07-20 17:46:40,431 - flwr - INFO - aggregate_evaluate: received 2 results and 0 failures
2025-07-20 17:46:40,431 - Server - INFO - Round 4: Aggregating evaluation results from 2 clients
2025-07-20 17:46:40,432 - Server - INFO - Aggregated metrics: {'accuracy': 0.8811574074074074}
2025-07-20 17:46:40,432 - flwr - INFO - 
2025-07-20 17:46:40,432 - flwr - INFO - [ROUND 5]
2025-07-20 17:46:40,432 - flwr - INFO - configure_fit: strategy sampled 2 clients (out of 2)
2025-07-20 17:46:42,190 - flwr - INFO - aggregate_fit: received 2 results and 0 failures
2025-07-20 17:46:42,190 - Server - INFO - Round 5: Aggregating updates from 2 clients
2025-07-20 17:46:42,191 - Server - INFO - Round 5: Global model parameters updated
2025-07-20 17:46:42,194 - Server - INFO - Model saved to SavedGlobalModel/model_round_5.pth
2025-07-20 17:46:42,194 - Server - INFO - Round 5: Saved checkpoint to model_round_5.pth
2025-07-20 17:46:42,194 - flwr - INFO - configure_evaluate: strategy sampled 2 clients (out of 2)
2025-07-20 17:46:42,374 - flwr - INFO - aggregate_evaluate: received 2 results and 0 failures
2025-07-20 17:46:42,375 - Server - INFO - Round 5: Aggregating evaluation results from 2 clients
2025-07-20 17:46:42,375 - Server - INFO - Aggregated metrics: {'accuracy': 0.8736805555555556}
2025-07-20 17:46:42,375 - flwr - INFO - 
2025-07-20 17:46:42,375 - flwr - INFO - [SUMMARY]
2025-07-20 17:46:42,375 - flwr - INFO - Run finished 5 round(s) in 21.86s
2025-07-20 17:46:42,375 - flwr - INFO - 	History (loss, distributed):
2025-07-20 17:46:42,375 - flwr - INFO - 		round 1: 0.34218475222587585
2025-07-20 17:46:42,375 - flwr - INFO - 		round 2: 0.27783821523189545
2025-07-20 17:46:42,375 - flwr - INFO - 		round 3: 0.3048716187477112
2025-07-20 17:46:42,375 - flwr - INFO - 		round 4: 0.34818653762340546
2025-07-20 17:46:42,375 - flwr - INFO - 		round 5: 0.4088473320007324
2025-07-20 17:46:42,375 - flwr - INFO - 	History (metrics, distributed, evaluate):
2025-07-20 17:46:42,375 - flwr - INFO - 	{'accuracy': [(1, 0.8498148148148148),
2025-07-20 17:46:42,375 - flwr - INFO - 	              (2, 0.8762037037037037),
2025-07-20 17:46:42,375 - flwr - INFO - 	              (3, 0.8794907407407407),
2025-07-20 17:46:42,376 - flwr - INFO - 	              (4, 0.8811574074074074),
2025-07-20 17:46:42,376 - flwr - INFO - 	              (5, 0.8736805555555556)]}
2025-07-20 17:46:42,376 - flwr - INFO - 
2025-07-20 17:46:42,404 - Server - INFO - Model saved to SavedGlobalModel/final_model.pth
2025-07-20 17:46:42,404 - Server - INFO - Final model saved to SavedGlobalModel/final_model.pth
2025-07-20 17:50:32,594 - Server - INFO - SaveModelStrategy initialized
2025-07-20 17:50:32,594 - Server - INFO - Starting federated learning server at 0.0.0.0:8080
2025-07-20 17:50:32,594 - Server - INFO - Configuration: 15 rounds, 2 minimum clients
2025-07-20 17:50:32,594 - Server - INFO - Model: NeuralNetwork with 17 inputs, 10 classes
2025-07-20 17:50:32,595 - flwr - INFO - Starting Flower server, config: num_rounds=15, no round_timeout
2025-07-20 17:50:32,619 - flwr - INFO - Flower ECE: gRPC server running (15 rounds), SSL is disabled
2025-07-20 17:50:32,619 - flwr - INFO - [INIT]
2025-07-20 17:50:32,619 - flwr - INFO - Using initial global parameters provided by strategy
2025-07-20 17:50:32,619 - flwr - INFO - Starting evaluation of initial global parameters
2025-07-20 17:50:32,619 - flwr - INFO - Evaluation returned no results (`None`)
2025-07-20 17:50:32,619 - flwr - INFO - 
2025-07-20 17:50:32,619 - flwr - INFO - [ROUND 1]
2025-07-20 17:50:40,760 - flwr - INFO - configure_fit: strategy sampled 2 clients (out of 2)
2025-07-20 17:50:42,020 - flwr - INFO - aggregate_fit: received 2 results and 0 failures
2025-07-20 17:50:42,020 - Server - INFO - Round 1: Aggregating updates from 2 clients
2025-07-20 17:50:42,022 - flwr - WARNING - No fit_metrics_aggregation_fn provided
2025-07-20 17:50:42,022 - Server - INFO - Round 1: Global model parameters updated
2025-07-20 17:50:42,024 - Server - INFO - Model saved to SavedGlobalModel/model_round_1.pth
2025-07-20 17:50:42,024 - Server - INFO - Round 1: Saved checkpoint to model_round_1.pth
2025-07-20 17:50:42,024 - flwr - INFO - configure_evaluate: strategy sampled 2 clients (out of 2)
2025-07-20 17:50:42,198 - flwr - INFO - aggregate_evaluate: received 2 results and 0 failures
2025-07-20 17:50:42,198 - Server - INFO - Round 1: Aggregating evaluation results from 2 clients
2025-07-20 17:50:42,198 - Server - INFO - Aggregated metrics: {'accuracy': 0.844375}
2025-07-20 17:50:42,198 - flwr - INFO - 
2025-07-20 17:50:42,198 - flwr - INFO - [ROUND 2]
2025-07-20 17:50:42,198 - flwr - INFO - configure_fit: strategy sampled 2 clients (out of 2)
2025-07-20 17:50:43,553 - flwr - INFO - aggregate_fit: received 2 results and 0 failures
2025-07-20 17:50:43,553 - Server - INFO - Round 2: Aggregating updates from 2 clients
2025-07-20 17:50:43,554 - Server - INFO - Round 2: Global model parameters updated
2025-07-20 17:50:43,554 - flwr - INFO - configure_evaluate: strategy sampled 2 clients (out of 2)
2025-07-20 17:50:43,714 - flwr - INFO - aggregate_evaluate: received 2 results and 0 failures
2025-07-20 17:50:43,714 - Server - INFO - Round 2: Aggregating evaluation results from 2 clients
2025-07-20 17:50:43,714 - Server - INFO - Aggregated metrics: {'accuracy': 0.8719907407407408}
2025-07-20 17:50:43,714 - flwr - INFO - 
2025-07-20 17:50:43,714 - flwr - INFO - [ROUND 3]
2025-07-20 17:50:43,714 - flwr - INFO - configure_fit: strategy sampled 2 clients (out of 2)
2025-07-20 17:50:45,024 - flwr - INFO - aggregate_fit: received 2 results and 0 failures
2025-07-20 17:50:45,024 - Server - INFO - Round 3: Aggregating updates from 2 clients
2025-07-20 17:50:45,025 - Server - INFO - Round 3: Global model parameters updated
2025-07-20 17:50:45,025 - flwr - INFO - configure_evaluate: strategy sampled 2 clients (out of 2)
2025-07-20 17:50:45,185 - flwr - INFO - aggregate_evaluate: received 2 results and 0 failures
2025-07-20 17:50:45,185 - Server - INFO - Round 3: Aggregating evaluation results from 2 clients
2025-07-20 17:50:45,185 - Server - INFO - Aggregated metrics: {'accuracy': 0.8844907407407407}
2025-07-20 17:50:45,185 - flwr - INFO - 
2025-07-20 17:50:45,185 - flwr - INFO - [ROUND 4]
2025-07-20 17:50:45,185 - flwr - INFO - configure_fit: strategy sampled 2 clients (out of 2)
2025-07-20 17:50:46,507 - flwr - INFO - aggregate_fit: received 2 results and 0 failures
2025-07-20 17:50:46,507 - Server - INFO - Round 4: Aggregating updates from 2 clients
2025-07-20 17:50:46,509 - Server - INFO - Round 4: Global model parameters updated
2025-07-20 17:50:46,509 - flwr - INFO - configure_evaluate: strategy sampled 2 clients (out of 2)
2025-07-20 17:50:46,675 - flwr - INFO - aggregate_evaluate: received 2 results and 0 failures
2025-07-20 17:50:46,676 - Server - INFO - Round 4: Aggregating evaluation results from 2 clients
2025-07-20 17:50:46,676 - Server - INFO - Aggregated metrics: {'accuracy': 0.8868518518518519}
2025-07-20 17:50:46,676 - flwr - INFO - 
2025-07-20 17:50:46,676 - flwr - INFO - [ROUND 5]
2025-07-20 17:50:46,676 - flwr - INFO - configure_fit: strategy sampled 2 clients (out of 2)
2025-07-20 17:50:48,077 - flwr - INFO - aggregate_fit: received 2 results and 0 failures
2025-07-20 17:50:48,078 - Server - INFO - Round 5: Aggregating updates from 2 clients
2025-07-20 17:50:48,078 - Server - INFO - Round 5: Global model parameters updated
2025-07-20 17:50:48,081 - Server - INFO - Model saved to SavedGlobalModel/model_round_5.pth
2025-07-20 17:50:48,081 - Server - INFO - Round 5: Saved checkpoint to model_round_5.pth
2025-07-20 17:50:48,081 - flwr - INFO - configure_evaluate: strategy sampled 2 clients (out of 2)
2025-07-20 17:50:48,238 - flwr - INFO - aggregate_evaluate: received 2 results and 0 failures
2025-07-20 17:50:48,238 - Server - INFO - Round 5: Aggregating evaluation results from 2 clients
2025-07-20 17:50:48,238 - Server - INFO - Aggregated metrics: {'accuracy': 0.8836342592592593}
2025-07-20 17:50:48,238 - flwr - INFO - 
2025-07-20 17:50:48,238 - flwr - INFO - [ROUND 6]
2025-07-20 17:50:48,238 - flwr - INFO - configure_fit: strategy sampled 2 clients (out of 2)
2025-07-20 17:50:49,521 - flwr - INFO - aggregate_fit: received 2 results and 0 failures
2025-07-20 17:50:49,521 - Server - INFO - Round 6: Aggregating updates from 2 clients
2025-07-20 17:50:49,522 - Server - INFO - Round 6: Global model parameters updated
2025-07-20 17:50:49,522 - flwr - INFO - configure_evaluate: strategy sampled 2 clients (out of 2)
2025-07-20 17:50:49,681 - flwr - INFO - aggregate_evaluate: received 2 results and 0 failures
2025-07-20 17:50:49,681 - Server - INFO - Round 6: Aggregating evaluation results from 2 clients
2025-07-20 17:50:49,682 - Server - INFO - Aggregated metrics: {'accuracy': 0.8779398148148149}
2025-07-20 17:50:49,682 - flwr - INFO - 
2025-07-20 17:50:49,682 - flwr - INFO - [ROUND 7]
2025-07-20 17:50:49,682 - flwr - INFO - configure_fit: strategy sampled 2 clients (out of 2)
2025-07-20 17:50:50,977 - flwr - INFO - aggregate_fit: received 2 results and 0 failures
2025-07-20 17:50:50,977 - Server - INFO - Round 7: Aggregating updates from 2 clients
2025-07-20 17:50:50,978 - Server - INFO - Round 7: Global model parameters updated
2025-07-20 17:50:50,978 - flwr - INFO - configure_evaluate: strategy sampled 2 clients (out of 2)
2025-07-20 17:50:51,138 - flwr - INFO - aggregate_evaluate: received 2 results and 0 failures
2025-07-20 17:50:51,139 - Server - INFO - Round 7: Aggregating evaluation results from 2 clients
2025-07-20 17:50:51,139 - Server - INFO - Aggregated metrics: {'accuracy': 0.8718981481481481}
2025-07-20 17:50:51,139 - flwr - INFO - 
2025-07-20 17:50:51,139 - flwr - INFO - [ROUND 8]
2025-07-20 17:50:51,139 - flwr - INFO - configure_fit: strategy sampled 2 clients (out of 2)
2025-07-20 17:50:52,419 - flwr - INFO - aggregate_fit: received 2 results and 0 failures
2025-07-20 17:50:52,419 - Server - INFO - Round 8: Aggregating updates from 2 clients
2025-07-20 17:50:52,420 - Server - INFO - Round 8: Global model parameters updated
2025-07-20 17:50:52,420 - flwr - INFO - configure_evaluate: strategy sampled 2 clients (out of 2)
2025-07-20 17:50:52,576 - flwr - INFO - aggregate_evaluate: received 2 results and 0 failures
2025-07-20 17:50:52,576 - Server - INFO - Round 8: Aggregating evaluation results from 2 clients
2025-07-20 17:50:52,576 - Server - INFO - Aggregated metrics: {'accuracy': 0.8745601851851852}
2025-07-20 17:50:52,576 - flwr - INFO - 
2025-07-20 17:50:52,576 - flwr - INFO - [ROUND 9]
2025-07-20 17:50:52,577 - flwr - INFO - configure_fit: strategy sampled 2 clients (out of 2)
2025-07-20 17:50:53,941 - flwr - INFO - aggregate_fit: received 2 results and 0 failures
2025-07-20 17:50:53,941 - Server - INFO - Round 9: Aggregating updates from 2 clients
2025-07-20 17:50:53,942 - Server - INFO - Round 9: Global model parameters updated
2025-07-20 17:50:53,942 - flwr - INFO - configure_evaluate: strategy sampled 2 clients (out of 2)
2025-07-20 17:50:54,101 - flwr - INFO - aggregate_evaluate: received 2 results and 0 failures
2025-07-20 17:50:54,101 - Server - INFO - Round 9: Aggregating evaluation results from 2 clients
2025-07-20 17:50:54,101 - Server - INFO - Aggregated metrics: {'accuracy': 0.8695833333333334}
2025-07-20 17:50:54,101 - flwr - INFO - 
2025-07-20 17:50:54,101 - flwr - INFO - [ROUND 10]
2025-07-20 17:50:54,101 - flwr - INFO - configure_fit: strategy sampled 2 clients (out of 2)
2025-07-20 17:50:55,640 - flwr - INFO - aggregate_fit: received 2 results and 0 failures
2025-07-20 17:50:55,640 - Server - INFO - Round 10: Aggregating updates from 2 clients
2025-07-20 17:50:55,641 - Server - INFO - Round 10: Global model parameters updated
2025-07-20 17:50:55,643 - Server - INFO - Model saved to SavedGlobalModel/model_round_10.pth
2025-07-20 17:50:55,643 - Server - INFO - Round 10: Saved checkpoint to model_round_10.pth
2025-07-20 17:50:55,643 - flwr - INFO - configure_evaluate: strategy sampled 2 clients (out of 2)
2025-07-20 17:50:56,005 - flwr - INFO - aggregate_evaluate: received 2 results and 0 failures
2025-07-20 17:50:56,006 - Server - INFO - Round 10: Aggregating evaluation results from 2 clients
2025-07-20 17:50:56,006 - Server - INFO - Aggregated metrics: {'accuracy': 0.8679629629629629}
2025-07-20 17:50:56,006 - flwr - INFO - 
2025-07-20 17:50:56,006 - flwr - INFO - [ROUND 11]
2025-07-20 17:50:56,006 - flwr - INFO - configure_fit: strategy sampled 2 clients (out of 2)
2025-07-20 17:50:57,427 - flwr - INFO - aggregate_fit: received 2 results and 0 failures
2025-07-20 17:50:57,428 - Server - INFO - Round 11: Aggregating updates from 2 clients
2025-07-20 17:50:57,429 - Server - INFO - Round 11: Global model parameters updated
2025-07-20 17:50:57,429 - flwr - INFO - configure_evaluate: strategy sampled 2 clients (out of 2)
2025-07-20 17:50:57,597 - flwr - INFO - aggregate_evaluate: received 2 results and 0 failures
2025-07-20 17:50:57,597 - Server - INFO - Round 11: Aggregating evaluation results from 2 clients
2025-07-20 17:50:57,597 - Server - INFO - Aggregated metrics: {'accuracy': 0.8665277777777778}
2025-07-20 17:50:57,597 - flwr - INFO - 
2025-07-20 17:50:57,597 - flwr - INFO - [ROUND 12]
2025-07-20 17:50:57,597 - flwr - INFO - configure_fit: strategy sampled 2 clients (out of 2)
2025-07-20 17:50:58,970 - flwr - INFO - aggregate_fit: received 2 results and 0 failures
2025-07-20 17:50:58,971 - Server - INFO - Round 12: Aggregating updates from 2 clients
2025-07-20 17:50:58,972 - Server - INFO - Round 12: Global model parameters updated
2025-07-20 17:50:58,972 - flwr - INFO - configure_evaluate: strategy sampled 2 clients (out of 2)
2025-07-20 17:50:59,154 - flwr - INFO - aggregate_evaluate: received 2 results and 0 failures
2025-07-20 17:50:59,154 - Server - INFO - Round 12: Aggregating evaluation results from 2 clients
2025-07-20 17:50:59,154 - Server - INFO - Aggregated metrics: {'accuracy': 0.8626851851851852}
2025-07-20 17:50:59,155 - flwr - INFO - 
2025-07-20 17:50:59,155 - flwr - INFO - [ROUND 13]
2025-07-20 17:50:59,155 - flwr - INFO - configure_fit: strategy sampled 2 clients (out of 2)
2025-07-20 17:51:00,562 - flwr - INFO - aggregate_fit: received 2 results and 0 failures
2025-07-20 17:51:00,562 - Server - INFO - Round 13: Aggregating updates from 2 clients
2025-07-20 17:51:00,563 - Server - INFO - Round 13: Global model parameters updated
2025-07-20 17:51:00,563 - flwr - INFO - configure_evaluate: strategy sampled 2 clients (out of 2)
2025-07-20 17:51:00,725 - flwr - INFO - aggregate_evaluate: received 2 results and 0 failures
2025-07-20 17:51:00,725 - Server - INFO - Round 13: Aggregating evaluation results from 2 clients
2025-07-20 17:51:00,725 - Server - INFO - Aggregated metrics: {'accuracy': 0.8590972222222222}
2025-07-20 17:51:00,726 - flwr - INFO - 
2025-07-20 17:51:00,726 - flwr - INFO - [ROUND 14]
2025-07-20 17:51:00,726 - flwr - INFO - configure_fit: strategy sampled 2 clients (out of 2)
2025-07-20 17:51:02,092 - flwr - INFO - aggregate_fit: received 2 results and 0 failures
2025-07-20 17:51:02,093 - Server - INFO - Round 14: Aggregating updates from 2 clients
2025-07-20 17:51:02,093 - Server - INFO - Round 14: Global model parameters updated
2025-07-20 17:51:02,093 - flwr - INFO - configure_evaluate: strategy sampled 2 clients (out of 2)
2025-07-20 17:51:02,258 - flwr - INFO - aggregate_evaluate: received 2 results and 0 failures
2025-07-20 17:51:02,258 - Server - INFO - Round 14: Aggregating evaluation results from 2 clients
2025-07-20 17:51:02,258 - Server - INFO - Aggregated metrics: {'accuracy': 0.8656018518518519}
2025-07-20 17:51:02,258 - flwr - INFO - 
2025-07-20 17:51:02,258 - flwr - INFO - [ROUND 15]
2025-07-20 17:51:02,258 - flwr - INFO - configure_fit: strategy sampled 2 clients (out of 2)
2025-07-20 17:51:03,607 - flwr - INFO - aggregate_fit: received 2 results and 0 failures
2025-07-20 17:51:03,608 - Server - INFO - Round 15: Aggregating updates from 2 clients
2025-07-20 17:51:03,608 - Server - INFO - Round 15: Global model parameters updated
2025-07-20 17:51:03,611 - Server - INFO - Model saved to SavedGlobalModel/model_round_15.pth
2025-07-20 17:51:03,611 - Server - INFO - Round 15: Saved checkpoint to model_round_15.pth
2025-07-20 17:51:03,611 - flwr - INFO - configure_evaluate: strategy sampled 2 clients (out of 2)
2025-07-20 17:51:03,773 - flwr - INFO - aggregate_evaluate: received 2 results and 0 failures
2025-07-20 17:51:03,773 - Server - INFO - Round 15: Aggregating evaluation results from 2 clients
2025-07-20 17:51:03,773 - Server - INFO - Aggregated metrics: {'accuracy': 0.8612731481481481}
2025-07-20 17:51:03,773 - flwr - INFO - 
2025-07-20 17:51:03,773 - flwr - INFO - [SUMMARY]
2025-07-20 17:51:03,774 - flwr - INFO - Run finished 15 round(s) in 31.15s
2025-07-20 17:51:03,774 - flwr - INFO - 	History (loss, distributed):
2025-07-20 17:51:03,774 - flwr - INFO - 		round 1: 0.3614783436059952
2025-07-20 17:51:03,774 - flwr - INFO - 		round 2: 0.2797946035861969
2025-07-20 17:51:03,774 - flwr - INFO - 		round 3: 0.26832887530326843
2025-07-20 17:51:03,774 - flwr - INFO - 		round 4: 0.2905188053846359
2025-07-20 17:51:03,774 - flwr - INFO - 		round 5: 0.3120895326137543
2025-07-20 17:51:03,774 - flwr - INFO - 		round 6: 0.34409721195697784
2025-07-20 17:51:03,774 - flwr - INFO - 		round 7: 0.36925026774406433
2025-07-20 17:51:03,774 - flwr - INFO - 		round 8: 0.3918513208627701
2025-07-20 17:51:03,774 - flwr - INFO - 		round 9: 0.41313719749450684
2025-07-20 17:51:03,774 - flwr - INFO - 		round 10: 0.42798420786857605
2025-07-20 17:51:03,774 - flwr - INFO - 		round 11: 0.43975383043289185
2025-07-20 17:51:03,774 - flwr - INFO - 		round 12: 0.46071386337280273
2025-07-20 17:51:03,774 - flwr - INFO - 		round 13: 0.4931095242500305
2025-07-20 17:51:03,774 - flwr - INFO - 		round 14: 0.47430434823036194
2025-07-20 17:51:03,774 - flwr - INFO - 		round 15: 0.5018593966960907
2025-07-20 17:51:03,774 - flwr - INFO - 	History (metrics, distributed, evaluate):
2025-07-20 17:51:03,775 - flwr - INFO - 	{'accuracy': [(1, 0.844375),
2025-07-20 17:51:03,775 - flwr - INFO - 	              (2, 0.8719907407407408),
2025-07-20 17:51:03,775 - flwr - INFO - 	              (3, 0.8844907407407407),
2025-07-20 17:51:03,775 - flwr - INFO - 	              (4, 0.8868518518518519),
2025-07-20 17:51:03,775 - flwr - INFO - 	              (5, 0.8836342592592593),
2025-07-20 17:51:03,775 - flwr - INFO - 	              (6, 0.8779398148148149),
2025-07-20 17:51:03,775 - flwr - INFO - 	              (7, 0.8718981481481481),
2025-07-20 17:51:03,775 - flwr - INFO - 	              (8, 0.8745601851851852),
2025-07-20 17:51:03,775 - flwr - INFO - 	              (9, 0.8695833333333334),
2025-07-20 17:51:03,775 - flwr - INFO - 	              (10, 0.8679629629629629),
2025-07-20 17:51:03,775 - flwr - INFO - 	              (11, 0.8665277777777778),
2025-07-20 17:51:03,775 - flwr - INFO - 	              (12, 0.8626851851851852),
2025-07-20 17:51:03,775 - flwr - INFO - 	              (13, 0.8590972222222222),
2025-07-20 17:51:03,775 - flwr - INFO - 	              (14, 0.8656018518518519),
2025-07-20 17:51:03,775 - flwr - INFO - 	              (15, 0.8612731481481481)]}
2025-07-20 17:51:03,775 - flwr - INFO - 
2025-07-20 17:51:03,800 - Server - INFO - Model saved to SavedGlobalModel/final_model.pth
2025-07-20 17:51:03,800 - Server - INFO - Final model saved to SavedGlobalModel/final_model.pth
2025-07-20 17:51:25,438 - Server - INFO - SaveModelStrategy initialized
2025-07-20 17:51:25,438 - Server - INFO - Starting federated learning server at 0.0.0.0:8080
2025-07-20 17:51:25,438 - Server - INFO - Configuration: 2 rounds, 2 minimum clients
2025-07-20 17:51:25,438 - Server - INFO - Model: NeuralNetwork with 17 inputs, 10 classes
2025-07-20 17:51:25,439 - flwr - INFO - Starting Flower server, config: num_rounds=2, no round_timeout
2025-07-20 17:51:25,449 - flwr - INFO - Flower ECE: gRPC server running (2 rounds), SSL is disabled
2025-07-20 17:51:25,449 - flwr - INFO - [INIT]
2025-07-20 17:51:25,449 - flwr - INFO - Using initial global parameters provided by strategy
2025-07-20 17:51:25,450 - flwr - INFO - Starting evaluation of initial global parameters
2025-07-20 17:51:25,450 - flwr - INFO - Evaluation returned no results (`None`)
2025-07-20 17:51:25,450 - flwr - INFO - 
2025-07-20 17:51:25,450 - flwr - INFO - [ROUND 1]
2025-07-20 17:51:33,161 - flwr - INFO - configure_fit: strategy sampled 2 clients (out of 2)
2025-07-20 17:51:34,516 - flwr - INFO - aggregate_fit: received 2 results and 0 failures
2025-07-20 17:51:34,516 - Server - INFO - Round 1: Aggregating updates from 2 clients
2025-07-20 17:51:34,517 - flwr - WARNING - No fit_metrics_aggregation_fn provided
2025-07-20 17:51:34,517 - Server - INFO - Round 1: Global model parameters updated
2025-07-20 17:51:34,519 - Server - INFO - Model saved to SavedGlobalModel/model_round_1.pth
2025-07-20 17:51:34,519 - Server - INFO - Round 1: Saved checkpoint to model_round_1.pth
2025-07-20 17:51:34,519 - flwr - INFO - configure_evaluate: strategy sampled 2 clients (out of 2)
2025-07-20 17:51:34,676 - flwr - INFO - aggregate_evaluate: received 2 results and 0 failures
2025-07-20 17:51:34,676 - Server - INFO - Round 1: Aggregating evaluation results from 2 clients
2025-07-20 17:51:34,676 - Server - INFO - Aggregated metrics: {'accuracy': 0.8274537037037037}
2025-07-20 17:51:34,676 - flwr - INFO - 
2025-07-20 17:51:34,676 - flwr - INFO - [ROUND 2]
2025-07-20 17:51:34,677 - flwr - INFO - configure_fit: strategy sampled 2 clients (out of 2)
2025-07-20 17:51:35,953 - flwr - INFO - aggregate_fit: received 2 results and 0 failures
2025-07-20 17:51:35,953 - Server - INFO - Round 2: Aggregating updates from 2 clients
2025-07-20 17:51:35,954 - Server - INFO - Round 2: Global model parameters updated
2025-07-20 17:51:35,954 - flwr - INFO - configure_evaluate: strategy sampled 2 clients (out of 2)
2025-07-20 17:51:36,108 - flwr - INFO - aggregate_evaluate: received 2 results and 0 failures
2025-07-20 17:51:36,109 - Server - INFO - Round 2: Aggregating evaluation results from 2 clients
2025-07-20 17:51:36,109 - Server - INFO - Aggregated metrics: {'accuracy': 0.8649768518518518}
2025-07-20 17:51:36,109 - flwr - INFO - 
2025-07-20 17:51:36,109 - flwr - INFO - [SUMMARY]
2025-07-20 17:51:36,109 - flwr - INFO - Run finished 2 round(s) in 10.66s
2025-07-20 17:51:36,109 - flwr - INFO - 	History (loss, distributed):
2025-07-20 17:51:36,109 - flwr - INFO - 		round 1: 0.37590184807777405
2025-07-20 17:51:36,109 - flwr - INFO - 		round 2: 0.2898170053958893
2025-07-20 17:51:36,109 - flwr - INFO - 	History (metrics, distributed, evaluate):
2025-07-20 17:51:36,109 - flwr - INFO - 	{'accuracy': [(1, 0.8274537037037037), (2, 0.8649768518518518)]}
2025-07-20 17:51:36,109 - flwr - INFO - 
2025-07-20 17:51:36,132 - Server - INFO - Model saved to SavedGlobalModel/final_model.pth
2025-07-20 17:51:36,132 - Server - INFO - Final model saved to SavedGlobalModel/final_model.pth
2025-07-20 17:52:11,075 - Server - INFO - SaveModelStrategy initialized
2025-07-20 17:52:11,075 - Server - INFO - Starting federated learning server at 0.0.0.0:8080
2025-07-20 17:52:11,076 - Server - INFO - Configuration: 2 rounds, 2 minimum clients
2025-07-20 17:52:11,076 - Server - INFO - Model: NeuralNetwork with 17 inputs, 10 classes
2025-07-20 17:52:11,077 - flwr - INFO - Starting Flower server, config: num_rounds=2, no round_timeout
2025-07-20 17:52:11,104 - flwr - INFO - Flower ECE: gRPC server running (2 rounds), SSL is disabled
2025-07-20 17:52:11,105 - flwr - INFO - [INIT]
2025-07-20 17:52:11,105 - flwr - INFO - Using initial global parameters provided by strategy
2025-07-20 17:52:11,105 - flwr - INFO - Starting evaluation of initial global parameters
2025-07-20 17:52:11,105 - flwr - INFO - Evaluation returned no results (`None`)
2025-07-20 17:52:11,105 - flwr - INFO - 
2025-07-20 17:52:11,105 - flwr - INFO - [ROUND 1]
2025-07-20 17:52:17,452 - flwr - INFO - configure_fit: strategy sampled 2 clients (out of 2)
2025-07-20 17:52:19,964 - flwr - INFO - aggregate_fit: received 2 results and 0 failures
2025-07-20 17:52:19,965 - Server - INFO - Round 1: Aggregating updates from 2 clients
2025-07-20 17:52:19,966 - flwr - WARNING - No fit_metrics_aggregation_fn provided
2025-07-20 17:52:19,966 - Server - INFO - Round 1: Global model parameters updated
2025-07-20 17:52:19,968 - Server - INFO - Model saved to SavedGlobalModel/model_round_1.pth
2025-07-20 17:52:19,968 - Server - INFO - Round 1: Saved checkpoint to model_round_1.pth
2025-07-20 17:52:19,968 - flwr - INFO - configure_evaluate: strategy sampled 2 clients (out of 2)
2025-07-20 17:52:20,130 - flwr - INFO - aggregate_evaluate: received 2 results and 0 failures
2025-07-20 17:52:20,130 - Server - INFO - Round 1: Aggregating evaluation results from 2 clients
2025-07-20 17:52:20,130 - Server - INFO - Aggregated metrics: {'accuracy': 0.8397222222222223}
2025-07-20 17:52:20,131 - flwr - INFO - 
2025-07-20 17:52:20,131 - flwr - INFO - [ROUND 2]
2025-07-20 17:52:20,131 - flwr - INFO - configure_fit: strategy sampled 2 clients (out of 2)
2025-07-20 17:52:23,053 - flwr - INFO - aggregate_fit: received 2 results and 0 failures
2025-07-20 17:52:23,054 - Server - INFO - Round 2: Aggregating updates from 2 clients
2025-07-20 17:52:23,055 - Server - INFO - Round 2: Global model parameters updated
2025-07-20 17:52:23,055 - flwr - INFO - configure_evaluate: strategy sampled 2 clients (out of 2)
2025-07-20 17:52:23,267 - flwr - INFO - aggregate_evaluate: received 2 results and 0 failures
2025-07-20 17:52:23,267 - Server - INFO - Round 2: Aggregating evaluation results from 2 clients
2025-07-20 17:52:23,268 - Server - INFO - Aggregated metrics: {'accuracy': 0.869837962962963}
2025-07-20 17:52:23,268 - flwr - INFO - 
2025-07-20 17:52:23,268 - flwr - INFO - [SUMMARY]
2025-07-20 17:52:23,268 - flwr - INFO - Run finished 2 round(s) in 12.16s
2025-07-20 17:52:23,268 - flwr - INFO - 	History (loss, distributed):
2025-07-20 17:52:23,268 - flwr - INFO - 		round 1: 0.33998726308345795
2025-07-20 17:52:23,268 - flwr - INFO - 		round 2: 0.36638639867305756
2025-07-20 17:52:23,268 - flwr - INFO - 	History (metrics, distributed, evaluate):
2025-07-20 17:52:23,269 - flwr - INFO - 	{'accuracy': [(1, 0.8397222222222223), (2, 0.869837962962963)]}
2025-07-20 17:52:23,269 - flwr - INFO - 
2025-07-20 17:52:23,310 - Server - INFO - Model saved to SavedGlobalModel/final_model.pth
2025-07-20 17:52:23,310 - Server - INFO - Final model saved to SavedGlobalModel/final_model.pth
2025-07-20 17:52:53,453 - Server - INFO - SaveModelStrategy initialized
2025-07-20 17:52:53,453 - Server - INFO - Starting federated learning server at 0.0.0.0:8080
2025-07-20 17:52:53,453 - Server - INFO - Configuration: 2 rounds, 2 minimum clients
2025-07-20 17:52:53,453 - Server - INFO - Model: NeuralNetwork with 17 inputs, 10 classes
2025-07-20 17:52:53,455 - flwr - INFO - Starting Flower server, config: num_rounds=2, no round_timeout
2025-07-20 17:52:53,471 - flwr - INFO - Flower ECE: gRPC server running (2 rounds), SSL is disabled
2025-07-20 17:52:53,471 - flwr - INFO - [INIT]
2025-07-20 17:52:53,471 - flwr - INFO - Using initial global parameters provided by strategy
2025-07-20 17:52:53,471 - flwr - INFO - Starting evaluation of initial global parameters
2025-07-20 17:52:53,471 - flwr - INFO - Evaluation returned no results (`None`)
2025-07-20 17:52:53,472 - flwr - INFO - 
2025-07-20 17:52:53,472 - flwr - INFO - [ROUND 1]
2025-07-20 17:53:00,108 - flwr - INFO - configure_fit: strategy sampled 2 clients (out of 2)
2025-07-20 17:53:07,826 - flwr - INFO - aggregate_fit: received 2 results and 0 failures
2025-07-20 17:53:07,827 - Server - INFO - Round 1: Aggregating updates from 2 clients
2025-07-20 17:53:07,828 - flwr - WARNING - No fit_metrics_aggregation_fn provided
2025-07-20 17:53:07,828 - Server - INFO - Round 1: Global model parameters updated
2025-07-20 17:53:07,831 - Server - INFO - Model saved to SavedGlobalModel/model_round_1.pth
2025-07-20 17:53:07,831 - Server - INFO - Round 1: Saved checkpoint to model_round_1.pth
2025-07-20 17:53:07,831 - flwr - INFO - configure_evaluate: strategy sampled 2 clients (out of 2)
2025-07-20 17:53:08,045 - flwr - INFO - aggregate_evaluate: received 2 results and 0 failures
2025-07-20 17:53:08,045 - Server - INFO - Round 1: Aggregating evaluation results from 2 clients
2025-07-20 17:53:08,046 - Server - INFO - Aggregated metrics: {'accuracy': 0.8416898148148149}
2025-07-20 17:53:08,046 - flwr - INFO - 
2025-07-20 17:53:08,046 - flwr - INFO - [ROUND 2]
2025-07-20 17:53:08,046 - flwr - INFO - configure_fit: strategy sampled 2 clients (out of 2)
2025-07-20 17:53:16,470 - flwr - INFO - aggregate_fit: received 2 results and 0 failures
2025-07-20 17:53:16,470 - Server - INFO - Round 2: Aggregating updates from 2 clients
2025-07-20 17:53:16,471 - Server - INFO - Round 2: Global model parameters updated
2025-07-20 17:53:16,471 - flwr - INFO - configure_evaluate: strategy sampled 2 clients (out of 2)
2025-07-20 17:53:16,678 - flwr - INFO - aggregate_evaluate: received 2 results and 0 failures
2025-07-20 17:53:16,678 - Server - INFO - Round 2: Aggregating evaluation results from 2 clients
2025-07-20 17:53:16,678 - Server - INFO - Aggregated metrics: {'accuracy': 0.8680787037037037}
2025-07-20 17:53:16,678 - flwr - INFO - 
2025-07-20 17:53:16,678 - flwr - INFO - [SUMMARY]
2025-07-20 17:53:16,678 - flwr - INFO - Run finished 2 round(s) in 23.21s
2025-07-20 17:53:16,678 - flwr - INFO - 	History (loss, distributed):
2025-07-20 17:53:16,678 - flwr - INFO - 		round 1: 0.5325319766998291
2025-07-20 17:53:16,678 - flwr - INFO - 		round 2: 0.7399819195270538
2025-07-20 17:53:16,680 - flwr - INFO - 	History (metrics, distributed, evaluate):
2025-07-20 17:53:16,680 - flwr - INFO - 	{'accuracy': [(1, 0.8416898148148149), (2, 0.8680787037037037)]}
2025-07-20 17:53:16,680 - flwr - INFO - 
2025-07-20 17:53:16,723 - Server - INFO - Model saved to SavedGlobalModel/final_model.pth
2025-07-20 17:53:16,723 - Server - INFO - Final model saved to SavedGlobalModel/final_model.pth
2025-07-20 17:53:40,341 - Server - INFO - SaveModelStrategy initialized
2025-07-20 17:53:40,342 - Server - INFO - Starting federated learning server at 0.0.0.0:8080
2025-07-20 17:53:40,342 - Server - INFO - Configuration: 4 rounds, 2 minimum clients
2025-07-20 17:53:40,342 - Server - INFO - Model: NeuralNetwork with 17 inputs, 10 classes
2025-07-20 17:53:40,344 - flwr - INFO - Starting Flower server, config: num_rounds=4, no round_timeout
2025-07-20 17:53:40,358 - flwr - INFO - Flower ECE: gRPC server running (4 rounds), SSL is disabled
2025-07-20 17:53:40,359 - flwr - INFO - [INIT]
2025-07-20 17:53:40,359 - flwr - INFO - Using initial global parameters provided by strategy
2025-07-20 17:53:40,359 - flwr - INFO - Starting evaluation of initial global parameters
2025-07-20 17:53:40,360 - flwr - INFO - Evaluation returned no results (`None`)
2025-07-20 17:53:40,360 - flwr - INFO - 
2025-07-20 17:53:40,360 - flwr - INFO - [ROUND 1]
2025-07-20 17:53:46,404 - flwr - INFO - configure_fit: strategy sampled 2 clients (out of 2)
2025-07-20 17:53:54,747 - flwr - INFO - aggregate_fit: received 2 results and 0 failures
2025-07-20 17:53:54,748 - Server - INFO - Round 1: Aggregating updates from 2 clients
2025-07-20 17:53:54,749 - flwr - WARNING - No fit_metrics_aggregation_fn provided
2025-07-20 17:53:54,749 - Server - INFO - Round 1: Global model parameters updated
2025-07-20 17:53:54,751 - Server - INFO - Model saved to SavedGlobalModel/model_round_1.pth
2025-07-20 17:53:54,751 - Server - INFO - Round 1: Saved checkpoint to model_round_1.pth
2025-07-20 17:53:54,752 - flwr - INFO - configure_evaluate: strategy sampled 2 clients (out of 2)
2025-07-20 17:53:55,000 - flwr - INFO - aggregate_evaluate: received 2 results and 0 failures
2025-07-20 17:53:55,000 - Server - INFO - Round 1: Aggregating evaluation results from 2 clients
2025-07-20 17:53:55,000 - Server - INFO - Aggregated metrics: {'accuracy': 0.8556944444444444}
2025-07-20 17:53:55,000 - flwr - INFO - 
2025-07-20 17:53:55,000 - flwr - INFO - [ROUND 2]
2025-07-20 17:53:55,000 - flwr - INFO - configure_fit: strategy sampled 2 clients (out of 2)
2025-07-20 17:54:03,583 - flwr - INFO - aggregate_fit: received 2 results and 0 failures
2025-07-20 17:54:03,583 - Server - INFO - Round 2: Aggregating updates from 2 clients
2025-07-20 17:54:03,584 - Server - INFO - Round 2: Global model parameters updated
2025-07-20 17:54:03,584 - flwr - INFO - configure_evaluate: strategy sampled 2 clients (out of 2)
2025-07-20 17:54:03,809 - flwr - INFO - aggregate_evaluate: received 2 results and 0 failures
2025-07-20 17:54:03,809 - Server - INFO - Round 2: Aggregating evaluation results from 2 clients
2025-07-20 17:54:03,809 - Server - INFO - Aggregated metrics: {'accuracy': 0.8636111111111111}
2025-07-20 17:54:03,809 - flwr - INFO - 
2025-07-20 17:54:03,810 - flwr - INFO - [ROUND 3]
2025-07-20 17:54:03,810 - flwr - INFO - configure_fit: strategy sampled 2 clients (out of 2)
2025-07-20 17:54:12,551 - flwr - INFO - aggregate_fit: received 2 results and 0 failures
2025-07-20 17:54:12,551 - Server - INFO - Round 3: Aggregating updates from 2 clients
2025-07-20 17:54:12,553 - Server - INFO - Round 3: Global model parameters updated
2025-07-20 17:54:12,553 - flwr - INFO - configure_evaluate: strategy sampled 2 clients (out of 2)
2025-07-20 17:54:12,781 - flwr - INFO - aggregate_evaluate: received 2 results and 0 failures
2025-07-20 17:54:12,781 - Server - INFO - Round 3: Aggregating evaluation results from 2 clients
2025-07-20 17:54:12,782 - Server - INFO - Aggregated metrics: {'accuracy': 0.8501851851851852}
2025-07-20 17:54:12,782 - flwr - INFO - 
2025-07-20 17:54:12,782 - flwr - INFO - [ROUND 4]
2025-07-20 17:54:12,782 - flwr - INFO - configure_fit: strategy sampled 2 clients (out of 2)
2025-07-20 17:54:21,556 - flwr - INFO - aggregate_fit: received 2 results and 0 failures
2025-07-20 17:54:21,556 - Server - INFO - Round 4: Aggregating updates from 2 clients
2025-07-20 17:54:21,557 - Server - INFO - Round 4: Global model parameters updated
2025-07-20 17:54:21,557 - flwr - INFO - configure_evaluate: strategy sampled 2 clients (out of 2)
2025-07-20 17:54:21,770 - flwr - INFO - aggregate_evaluate: received 2 results and 0 failures
2025-07-20 17:54:21,770 - Server - INFO - Round 4: Aggregating evaluation results from 2 clients
2025-07-20 17:54:21,771 - Server - INFO - Aggregated metrics: {'accuracy': 0.8439814814814814}
2025-07-20 17:54:21,771 - flwr - INFO - 
2025-07-20 17:54:21,771 - flwr - INFO - [SUMMARY]
2025-07-20 17:54:21,771 - flwr - INFO - Run finished 4 round(s) in 41.41s
2025-07-20 17:54:21,771 - flwr - INFO - 	History (loss, distributed):
2025-07-20 17:54:21,771 - flwr - INFO - 		round 1: 0.4141341298818588
2025-07-20 17:54:21,771 - flwr - INFO - 		round 2: 0.6361351162195206
2025-07-20 17:54:21,771 - flwr - INFO - 		round 3: 0.7202804535627365
2025-07-20 17:54:21,771 - flwr - INFO - 		round 4: 0.8082312345504761
2025-07-20 17:54:21,771 - flwr - INFO - 	History (metrics, distributed, evaluate):
2025-07-20 17:54:21,772 - flwr - INFO - 	{'accuracy': [(1, 0.8556944444444444),
2025-07-20 17:54:21,772 - flwr - INFO - 	              (2, 0.8636111111111111),
2025-07-20 17:54:21,772 - flwr - INFO - 	              (3, 0.8501851851851852),
2025-07-20 17:54:21,772 - flwr - INFO - 	              (4, 0.8439814814814814)]}
2025-07-20 17:54:21,772 - flwr - INFO - 
2025-07-20 17:54:21,821 - Server - INFO - Model saved to SavedGlobalModel/final_model.pth
2025-07-20 17:54:21,821 - Server - INFO - Final model saved to SavedGlobalModel/final_model.pth
2025-07-20 17:54:52,676 - Server - INFO - SaveModelStrategy initialized
2025-07-20 17:54:52,676 - Server - INFO - Starting federated learning server at 0.0.0.0:8080
2025-07-20 17:54:52,676 - Server - INFO - Configuration: 4 rounds, 2 minimum clients
2025-07-20 17:54:52,676 - Server - INFO - Model: NeuralNetwork with 17 inputs, 10 classes
2025-07-20 17:54:52,677 - flwr - INFO - Starting Flower server, config: num_rounds=4, no round_timeout
2025-07-20 17:54:52,707 - flwr - INFO - Flower ECE: gRPC server running (4 rounds), SSL is disabled
2025-07-20 17:54:52,707 - flwr - INFO - [INIT]
2025-07-20 17:54:52,707 - flwr - INFO - Using initial global parameters provided by strategy
2025-07-20 17:54:52,707 - flwr - INFO - Starting evaluation of initial global parameters
2025-07-20 17:54:52,707 - flwr - INFO - Evaluation returned no results (`None`)
2025-07-20 17:54:52,707 - flwr - INFO - 
2025-07-20 17:54:52,707 - flwr - INFO - [ROUND 1]
2025-07-20 17:54:59,327 - flwr - INFO - configure_fit: strategy sampled 2 clients (out of 2)
2025-07-20 17:55:04,355 - flwr - INFO - aggregate_fit: received 2 results and 0 failures
2025-07-20 17:55:04,355 - Server - INFO - Round 1: Aggregating updates from 2 clients
2025-07-20 17:55:04,358 - flwr - WARNING - No fit_metrics_aggregation_fn provided
2025-07-20 17:55:04,358 - Server - INFO - Round 1: Global model parameters updated
2025-07-20 17:55:04,361 - Server - INFO - Model saved to SavedGlobalModel/model_round_1.pth
2025-07-20 17:55:04,361 - Server - INFO - Round 1: Saved checkpoint to model_round_1.pth
2025-07-20 17:55:04,361 - flwr - INFO - configure_evaluate: strategy sampled 2 clients (out of 2)
2025-07-20 17:55:04,598 - flwr - INFO - aggregate_evaluate: received 2 results and 0 failures
2025-07-20 17:55:04,598 - Server - INFO - Round 1: Aggregating evaluation results from 2 clients
2025-07-20 17:55:04,598 - Server - INFO - Aggregated metrics: {'accuracy': 0.8610416666666667}
2025-07-20 17:55:04,598 - flwr - INFO - 
2025-07-20 17:55:04,598 - flwr - INFO - [ROUND 2]
2025-07-20 17:55:04,598 - flwr - INFO - configure_fit: strategy sampled 2 clients (out of 2)
2025-07-20 17:55:09,735 - flwr - INFO - aggregate_fit: received 2 results and 0 failures
2025-07-20 17:55:09,735 - Server - INFO - Round 2: Aggregating updates from 2 clients
2025-07-20 17:55:09,736 - Server - INFO - Round 2: Global model parameters updated
2025-07-20 17:55:09,736 - flwr - INFO - configure_evaluate: strategy sampled 2 clients (out of 2)
2025-07-20 17:55:09,941 - flwr - INFO - aggregate_evaluate: received 2 results and 0 failures
2025-07-20 17:55:09,942 - Server - INFO - Round 2: Aggregating evaluation results from 2 clients
2025-07-20 17:55:09,942 - Server - INFO - Aggregated metrics: {'accuracy': 0.86125}
2025-07-20 17:55:09,942 - flwr - INFO - 
2025-07-20 17:55:09,942 - flwr - INFO - [ROUND 3]
2025-07-20 17:55:09,942 - flwr - INFO - configure_fit: strategy sampled 2 clients (out of 2)
2025-07-20 17:55:15,347 - flwr - INFO - aggregate_fit: received 2 results and 0 failures
2025-07-20 17:55:15,348 - Server - INFO - Round 3: Aggregating updates from 2 clients
2025-07-20 17:55:15,348 - Server - INFO - Round 3: Global model parameters updated
2025-07-20 17:55:15,348 - flwr - INFO - configure_evaluate: strategy sampled 2 clients (out of 2)
2025-07-20 17:55:15,564 - flwr - INFO - aggregate_evaluate: received 2 results and 0 failures
2025-07-20 17:55:15,565 - Server - INFO - Round 3: Aggregating evaluation results from 2 clients
2025-07-20 17:55:15,565 - Server - INFO - Aggregated metrics: {'accuracy': 0.8435185185185186}
2025-07-20 17:55:15,565 - flwr - INFO - 
2025-07-20 17:55:15,565 - flwr - INFO - [ROUND 4]
2025-07-20 17:55:15,565 - flwr - INFO - configure_fit: strategy sampled 2 clients (out of 2)
2025-07-20 17:55:20,882 - flwr - INFO - aggregate_fit: received 2 results and 0 failures
2025-07-20 17:55:20,883 - Server - INFO - Round 4: Aggregating updates from 2 clients
2025-07-20 17:55:20,883 - Server - INFO - Round 4: Global model parameters updated
2025-07-20 17:55:20,884 - flwr - INFO - configure_evaluate: strategy sampled 2 clients (out of 2)
2025-07-20 17:55:21,086 - flwr - INFO - aggregate_evaluate: received 2 results and 0 failures
2025-07-20 17:55:21,086 - Server - INFO - Round 4: Aggregating evaluation results from 2 clients
2025-07-20 17:55:21,086 - Server - INFO - Aggregated metrics: {'accuracy': 0.8461574074074074}
2025-07-20 17:55:21,086 - flwr - INFO - 
2025-07-20 17:55:21,086 - flwr - INFO - [SUMMARY]
2025-07-20 17:55:21,086 - flwr - INFO - Run finished 4 round(s) in 28.38s
2025-07-20 17:55:21,086 - flwr - INFO - 	History (loss, distributed):
2025-07-20 17:55:21,086 - flwr - INFO - 		round 1: 0.33153146505355835
2025-07-20 17:55:21,086 - flwr - INFO - 		round 2: 0.46970323473215103
2025-07-20 17:55:21,086 - flwr - INFO - 		round 3: 0.5611415952444077
2025-07-20 17:55:21,086 - flwr - INFO - 		round 4: 0.6534676998853683
2025-07-20 17:55:21,087 - flwr - INFO - 	History (metrics, distributed, evaluate):
2025-07-20 17:55:21,087 - flwr - INFO - 	{'accuracy': [(1, 0.8610416666666667),
2025-07-20 17:55:21,087 - flwr - INFO - 	              (2, 0.86125),
2025-07-20 17:55:21,087 - flwr - INFO - 	              (3, 0.8435185185185186),
2025-07-20 17:55:21,087 - flwr - INFO - 	              (4, 0.8461574074074074)]}
2025-07-20 17:55:21,087 - flwr - INFO - 
2025-07-20 17:55:21,106 - Server - INFO - Model saved to SavedGlobalModel/final_model.pth
2025-07-20 17:55:21,106 - Server - INFO - Final model saved to SavedGlobalModel/final_model.pth
2025-07-20 17:56:36,381 - Server - INFO - SaveModelStrategy initialized
2025-07-20 17:56:36,382 - Server - INFO - Starting federated learning server at 0.0.0.0:8080
2025-07-20 17:56:36,382 - Server - INFO - Configuration: 4 rounds, 2 minimum clients
2025-07-20 17:56:36,382 - Server - INFO - Model: NeuralNetwork with 17 inputs, 10 classes
2025-07-20 17:56:36,383 - flwr - INFO - Starting Flower server, config: num_rounds=4, no round_timeout
2025-07-20 17:56:36,396 - flwr - INFO - Flower ECE: gRPC server running (4 rounds), SSL is disabled
2025-07-20 17:56:36,396 - flwr - INFO - [INIT]
2025-07-20 17:56:36,396 - flwr - INFO - Using initial global parameters provided by strategy
2025-07-20 17:56:36,396 - flwr - INFO - Starting evaluation of initial global parameters
2025-07-20 17:56:36,396 - flwr - INFO - Evaluation returned no results (`None`)
2025-07-20 17:56:36,396 - flwr - INFO - 
2025-07-20 17:56:36,397 - flwr - INFO - [ROUND 1]
2025-07-20 17:56:42,216 - flwr - INFO - configure_fit: strategy sampled 2 clients (out of 2)
2025-07-20 17:56:44,698 - flwr - INFO - aggregate_fit: received 2 results and 0 failures
2025-07-20 17:56:44,699 - Server - INFO - Round 1: Aggregating updates from 2 clients
2025-07-20 17:56:44,699 - flwr - WARNING - No fit_metrics_aggregation_fn provided
2025-07-20 17:56:44,700 - Server - INFO - Round 1: Global model parameters updated
2025-07-20 17:56:44,702 - Server - INFO - Model saved to SavedGlobalModel/model_round_1.pth
2025-07-20 17:56:44,702 - Server - INFO - Round 1: Saved checkpoint to model_round_1.pth
2025-07-20 17:56:44,702 - flwr - INFO - configure_evaluate: strategy sampled 2 clients (out of 2)
2025-07-20 17:56:44,869 - flwr - INFO - aggregate_evaluate: received 2 results and 0 failures
2025-07-20 17:56:44,870 - Server - INFO - Round 1: Aggregating evaluation results from 2 clients
2025-07-20 17:56:44,870 - Server - INFO - Aggregated metrics: {'accuracy': 0.8986805555555556}
2025-07-20 17:56:44,870 - flwr - INFO - 
2025-07-20 17:56:44,870 - flwr - INFO - [ROUND 2]
2025-07-20 17:56:44,870 - flwr - INFO - configure_fit: strategy sampled 2 clients (out of 2)
2025-07-20 17:56:47,394 - flwr - INFO - aggregate_fit: received 2 results and 0 failures
2025-07-20 17:56:47,395 - Server - INFO - Round 2: Aggregating updates from 2 clients
2025-07-20 17:56:47,396 - Server - INFO - Round 2: Global model parameters updated
2025-07-20 17:56:47,396 - flwr - INFO - configure_evaluate: strategy sampled 2 clients (out of 2)
2025-07-20 17:56:47,560 - flwr - INFO - aggregate_evaluate: received 2 results and 0 failures
2025-07-20 17:56:47,560 - Server - INFO - Round 2: Aggregating evaluation results from 2 clients
2025-07-20 17:56:47,560 - Server - INFO - Aggregated metrics: {'accuracy': 0.9260648148148148}
2025-07-20 17:56:47,560 - flwr - INFO - 
2025-07-20 17:56:47,560 - flwr - INFO - [ROUND 3]
2025-07-20 17:56:47,560 - flwr - INFO - configure_fit: strategy sampled 2 clients (out of 2)
2025-07-20 17:56:50,877 - flwr - INFO - aggregate_fit: received 2 results and 0 failures
2025-07-20 17:56:50,877 - Server - INFO - Round 3: Aggregating updates from 2 clients
2025-07-20 17:56:50,878 - Server - INFO - Round 3: Global model parameters updated
2025-07-20 17:56:50,879 - flwr - INFO - configure_evaluate: strategy sampled 2 clients (out of 2)
2025-07-20 17:56:51,099 - flwr - INFO - aggregate_evaluate: received 2 results and 0 failures
2025-07-20 17:56:51,099 - Server - INFO - Round 3: Aggregating evaluation results from 2 clients
2025-07-20 17:56:51,099 - Server - INFO - Aggregated metrics: {'accuracy': 0.9446296296296296}
2025-07-20 17:56:51,099 - flwr - INFO - 
2025-07-20 17:56:51,099 - flwr - INFO - [ROUND 4]
2025-07-20 17:56:51,100 - flwr - INFO - configure_fit: strategy sampled 2 clients (out of 2)
2025-07-20 17:56:54,653 - flwr - INFO - aggregate_fit: received 2 results and 0 failures
2025-07-20 17:56:54,653 - Server - INFO - Round 4: Aggregating updates from 2 clients
2025-07-20 17:56:54,655 - Server - INFO - Round 4: Global model parameters updated
2025-07-20 17:56:54,655 - flwr - INFO - configure_evaluate: strategy sampled 2 clients (out of 2)
2025-07-20 17:56:54,949 - flwr - INFO - aggregate_evaluate: received 2 results and 0 failures
2025-07-20 17:56:54,949 - Server - INFO - Round 4: Aggregating evaluation results from 2 clients
2025-07-20 17:56:54,950 - Server - INFO - Aggregated metrics: {'accuracy': 0.9487268518518519}
2025-07-20 17:56:54,950 - flwr - INFO - 
2025-07-20 17:56:54,950 - flwr - INFO - [SUMMARY]
2025-07-20 17:56:54,950 - flwr - INFO - Run finished 4 round(s) in 18.55s
2025-07-20 17:56:54,950 - flwr - INFO - 	History (loss, distributed):
2025-07-20 17:56:54,950 - flwr - INFO - 		round 1: 0.24210650473833084
2025-07-20 17:56:54,950 - flwr - INFO - 		round 2: 0.1711462140083313
2025-07-20 17:56:54,950 - flwr - INFO - 		round 3: 0.14017976075410843
2025-07-20 17:56:54,950 - flwr - INFO - 		round 4: 0.13381805270910263
2025-07-20 17:56:54,950 - flwr - INFO - 	History (metrics, distributed, evaluate):
2025-07-20 17:56:54,950 - flwr - INFO - 	{'accuracy': [(1, 0.8986805555555556),
2025-07-20 17:56:54,951 - flwr - INFO - 	              (2, 0.9260648148148148),
2025-07-20 17:56:54,951 - flwr - INFO - 	              (3, 0.9446296296296296),
2025-07-20 17:56:54,951 - flwr - INFO - 	              (4, 0.9487268518518519)]}
2025-07-20 17:56:54,951 - flwr - INFO - 
2025-07-20 17:56:54,992 - Server - INFO - Model saved to SavedGlobalModel/final_model.pth
2025-07-20 17:56:54,992 - Server - INFO - Final model saved to SavedGlobalModel/final_model.pth
2025-07-20 17:57:13,755 - Server - INFO - SaveModelStrategy initialized
2025-07-20 17:57:13,755 - Server - INFO - Starting federated learning server at 0.0.0.0:8080
2025-07-20 17:57:13,755 - Server - INFO - Configuration: 6 rounds, 2 minimum clients
2025-07-20 17:57:13,755 - Server - INFO - Model: NeuralNetwork with 17 inputs, 10 classes
2025-07-20 17:57:13,757 - flwr - INFO - Starting Flower server, config: num_rounds=6, no round_timeout
2025-07-20 17:57:13,765 - flwr - INFO - Flower ECE: gRPC server running (6 rounds), SSL is disabled
2025-07-20 17:57:13,766 - flwr - INFO - [INIT]
2025-07-20 17:57:13,766 - flwr - INFO - Using initial global parameters provided by strategy
2025-07-20 17:57:13,766 - flwr - INFO - Starting evaluation of initial global parameters
2025-07-20 17:57:13,766 - flwr - INFO - Evaluation returned no results (`None`)
2025-07-20 17:57:13,766 - flwr - INFO - 
2025-07-20 17:57:13,766 - flwr - INFO - [ROUND 1]
2025-07-20 17:57:23,300 - flwr - INFO - configure_fit: strategy sampled 2 clients (out of 2)
2025-07-20 17:57:26,352 - flwr - INFO - aggregate_fit: received 2 results and 0 failures
2025-07-20 17:57:26,353 - Server - INFO - Round 1: Aggregating updates from 2 clients
2025-07-20 17:57:26,354 - flwr - WARNING - No fit_metrics_aggregation_fn provided
2025-07-20 17:57:26,354 - Server - INFO - Round 1: Global model parameters updated
2025-07-20 17:57:26,357 - Server - INFO - Model saved to SavedGlobalModel/model_round_1.pth
2025-07-20 17:57:26,357 - Server - INFO - Round 1: Saved checkpoint to model_round_1.pth
2025-07-20 17:57:26,357 - flwr - INFO - configure_evaluate: strategy sampled 2 clients (out of 2)
2025-07-20 17:57:26,623 - flwr - INFO - aggregate_evaluate: received 2 results and 0 failures
2025-07-20 17:57:26,623 - Server - INFO - Round 1: Aggregating evaluation results from 2 clients
2025-07-20 17:57:26,623 - Server - INFO - Aggregated metrics: {'accuracy': 0.9053472222222222}
2025-07-20 17:57:26,624 - flwr - INFO - 
2025-07-20 17:57:26,624 - flwr - INFO - [ROUND 2]
2025-07-20 17:57:26,624 - flwr - INFO - configure_fit: strategy sampled 2 clients (out of 2)
2025-07-20 17:57:30,071 - flwr - INFO - aggregate_fit: received 2 results and 0 failures
2025-07-20 17:57:30,071 - Server - INFO - Round 2: Aggregating updates from 2 clients
2025-07-20 17:57:30,072 - Server - INFO - Round 2: Global model parameters updated
2025-07-20 17:57:30,072 - flwr - INFO - configure_evaluate: strategy sampled 2 clients (out of 2)
2025-07-20 17:57:30,291 - flwr - INFO - aggregate_evaluate: received 2 results and 0 failures
2025-07-20 17:57:30,291 - Server - INFO - Round 2: Aggregating evaluation results from 2 clients
2025-07-20 17:57:30,291 - Server - INFO - Aggregated metrics: {'accuracy': 0.9316435185185186}
2025-07-20 17:57:30,291 - flwr - INFO - 
2025-07-20 17:57:30,292 - flwr - INFO - [ROUND 3]
2025-07-20 17:57:30,292 - flwr - INFO - configure_fit: strategy sampled 2 clients (out of 2)
2025-07-20 17:57:33,684 - flwr - INFO - aggregate_fit: received 2 results and 0 failures
2025-07-20 17:57:33,684 - Server - INFO - Round 3: Aggregating updates from 2 clients
2025-07-20 17:57:33,686 - Server - INFO - Round 3: Global model parameters updated
2025-07-20 17:57:33,686 - flwr - INFO - configure_evaluate: strategy sampled 2 clients (out of 2)
2025-07-20 17:57:33,890 - flwr - INFO - aggregate_evaluate: received 2 results and 0 failures
2025-07-20 17:57:33,890 - Server - INFO - Round 3: Aggregating evaluation results from 2 clients
2025-07-20 17:57:33,891 - Server - INFO - Aggregated metrics: {'accuracy': 0.9434490740740741}
2025-07-20 17:57:33,891 - flwr - INFO - 
2025-07-20 17:57:33,891 - flwr - INFO - [ROUND 4]
2025-07-20 17:57:33,891 - flwr - INFO - configure_fit: strategy sampled 2 clients (out of 2)
2025-07-20 17:57:37,603 - flwr - INFO - aggregate_fit: received 2 results and 0 failures
2025-07-20 17:57:37,603 - Server - INFO - Round 4: Aggregating updates from 2 clients
2025-07-20 17:57:37,604 - Server - INFO - Round 4: Global model parameters updated
2025-07-20 17:57:37,604 - flwr - INFO - configure_evaluate: strategy sampled 2 clients (out of 2)
2025-07-20 17:57:37,840 - flwr - INFO - aggregate_evaluate: received 2 results and 0 failures
2025-07-20 17:57:37,840 - Server - INFO - Round 4: Aggregating evaluation results from 2 clients
2025-07-20 17:57:37,841 - Server - INFO - Aggregated metrics: {'accuracy': 0.9487962962962962}
2025-07-20 17:57:37,841 - flwr - INFO - 
2025-07-20 17:57:37,841 - flwr - INFO - [ROUND 5]
2025-07-20 17:57:37,841 - flwr - INFO - configure_fit: strategy sampled 2 clients (out of 2)
2025-07-20 17:57:41,253 - flwr - INFO - aggregate_fit: received 2 results and 0 failures
2025-07-20 17:57:41,253 - Server - INFO - Round 5: Aggregating updates from 2 clients
2025-07-20 17:57:41,254 - Server - INFO - Round 5: Global model parameters updated
2025-07-20 17:57:41,258 - Server - INFO - Model saved to SavedGlobalModel/model_round_5.pth
2025-07-20 17:57:41,258 - Server - INFO - Round 5: Saved checkpoint to model_round_5.pth
2025-07-20 17:57:41,258 - flwr - INFO - configure_evaluate: strategy sampled 2 clients (out of 2)
2025-07-20 17:57:41,475 - flwr - INFO - aggregate_evaluate: received 2 results and 0 failures
2025-07-20 17:57:41,475 - Server - INFO - Round 5: Aggregating evaluation results from 2 clients
2025-07-20 17:57:41,475 - Server - INFO - Aggregated metrics: {'accuracy': 0.9491435185185185}
2025-07-20 17:57:41,475 - flwr - INFO - 
2025-07-20 17:57:41,476 - flwr - INFO - [ROUND 6]
2025-07-20 17:57:41,476 - flwr - INFO - configure_fit: strategy sampled 2 clients (out of 2)
2025-07-20 17:57:44,942 - flwr - INFO - aggregate_fit: received 2 results and 0 failures
2025-07-20 17:57:44,942 - Server - INFO - Round 6: Aggregating updates from 2 clients
2025-07-20 17:57:44,943 - Server - INFO - Round 6: Global model parameters updated
2025-07-20 17:57:44,943 - flwr - INFO - configure_evaluate: strategy sampled 2 clients (out of 2)
2025-07-20 17:57:45,139 - flwr - INFO - aggregate_evaluate: received 2 results and 0 failures
2025-07-20 17:57:45,139 - Server - INFO - Round 6: Aggregating evaluation results from 2 clients
2025-07-20 17:57:45,139 - Server - INFO - Aggregated metrics: {'accuracy': 0.9476157407407407}
2025-07-20 17:57:45,139 - flwr - INFO - 
2025-07-20 17:57:45,139 - flwr - INFO - [SUMMARY]
2025-07-20 17:57:45,139 - flwr - INFO - Run finished 6 round(s) in 31.37s
2025-07-20 17:57:45,139 - flwr - INFO - 	History (loss, distributed):
2025-07-20 17:57:45,139 - flwr - INFO - 		round 1: 0.22190050780773163
2025-07-20 17:57:45,139 - flwr - INFO - 		round 2: 0.16455073654651642
2025-07-20 17:57:45,139 - flwr - INFO - 		round 3: 0.1385507509112358
2025-07-20 17:57:45,139 - flwr - INFO - 		round 4: 0.1283751279115677
2025-07-20 17:57:45,140 - flwr - INFO - 		round 5: 0.11908906698226929
2025-07-20 17:57:45,140 - flwr - INFO - 		round 6: 0.12261359766125679
2025-07-20 17:57:45,140 - flwr - INFO - 	History (metrics, distributed, evaluate):
2025-07-20 17:57:45,140 - flwr - INFO - 	{'accuracy': [(1, 0.9053472222222222),
2025-07-20 17:57:45,140 - flwr - INFO - 	              (2, 0.9316435185185186),
2025-07-20 17:57:45,140 - flwr - INFO - 	              (3, 0.9434490740740741),
2025-07-20 17:57:45,140 - flwr - INFO - 	              (4, 0.9487962962962962),
2025-07-20 17:57:45,140 - flwr - INFO - 	              (5, 0.9491435185185185),
2025-07-20 17:57:45,140 - flwr - INFO - 	              (6, 0.9476157407407407)]}
2025-07-20 17:57:45,140 - flwr - INFO - 
2025-07-20 17:57:45,174 - Server - INFO - Model saved to SavedGlobalModel/final_model.pth
2025-07-20 17:57:45,175 - Server - INFO - Final model saved to SavedGlobalModel/final_model.pth
2025-07-20 17:58:14,219 - Server - INFO - SaveModelStrategy initialized
2025-07-20 17:58:14,219 - Server - INFO - Starting federated learning server at 0.0.0.0:8080
2025-07-20 17:58:14,219 - Server - INFO - Configuration: 6 rounds, 2 minimum clients
2025-07-20 17:58:14,219 - Server - INFO - Model: NeuralNetwork with 17 inputs, 10 classes
2025-07-20 17:58:14,221 - flwr - INFO - Starting Flower server, config: num_rounds=6, no round_timeout
2025-07-20 17:58:14,231 - flwr - INFO - Flower ECE: gRPC server running (6 rounds), SSL is disabled
2025-07-20 17:58:14,231 - flwr - INFO - [INIT]
2025-07-20 17:58:14,232 - flwr - INFO - Using initial global parameters provided by strategy
2025-07-20 17:58:14,232 - flwr - INFO - Starting evaluation of initial global parameters
2025-07-20 17:58:14,232 - flwr - INFO - Evaluation returned no results (`None`)
2025-07-20 17:58:14,232 - flwr - INFO - 
2025-07-20 17:58:14,232 - flwr - INFO - [ROUND 1]
2025-07-20 17:58:21,042 - flwr - INFO - configure_fit: strategy sampled 2 clients (out of 2)
2025-07-20 17:58:22,785 - flwr - INFO - aggregate_fit: received 2 results and 0 failures
2025-07-20 17:58:22,786 - Server - INFO - Round 1: Aggregating updates from 2 clients
2025-07-20 17:58:22,788 - flwr - WARNING - No fit_metrics_aggregation_fn provided
2025-07-20 17:58:22,788 - Server - INFO - Round 1: Global model parameters updated
2025-07-20 17:58:22,791 - Server - INFO - Model saved to SavedGlobalModel/model_round_1.pth
2025-07-20 17:58:22,791 - Server - INFO - Round 1: Saved checkpoint to model_round_1.pth
2025-07-20 17:58:22,791 - flwr - INFO - configure_evaluate: strategy sampled 2 clients (out of 2)
2025-07-20 17:58:23,051 - flwr - INFO - aggregate_evaluate: received 2 results and 0 failures
2025-07-20 17:58:23,051 - Server - INFO - Round 1: Aggregating evaluation results from 2 clients
2025-07-20 17:58:23,052 - Server - INFO - Aggregated metrics: {'accuracy': 0.8632407407407408}
2025-07-20 17:58:23,052 - flwr - INFO - 
2025-07-20 17:58:23,052 - flwr - INFO - [ROUND 2]
2025-07-20 17:58:23,052 - flwr - INFO - configure_fit: strategy sampled 2 clients (out of 2)
2025-07-20 17:58:24,812 - flwr - INFO - aggregate_fit: received 2 results and 0 failures
2025-07-20 17:58:24,812 - Server - INFO - Round 2: Aggregating updates from 2 clients
2025-07-20 17:58:24,813 - Server - INFO - Round 2: Global model parameters updated
2025-07-20 17:58:24,813 - flwr - INFO - configure_evaluate: strategy sampled 2 clients (out of 2)
2025-07-20 17:58:25,080 - flwr - INFO - aggregate_evaluate: received 2 results and 0 failures
2025-07-20 17:58:25,080 - Server - INFO - Round 2: Aggregating evaluation results from 2 clients
2025-07-20 17:58:25,080 - Server - INFO - Aggregated metrics: {'accuracy': 0.9066435185185185}
2025-07-20 17:58:25,080 - flwr - INFO - 
2025-07-20 17:58:25,080 - flwr - INFO - [ROUND 3]
2025-07-20 17:58:25,080 - flwr - INFO - configure_fit: strategy sampled 2 clients (out of 2)
2025-07-20 17:58:26,876 - flwr - INFO - aggregate_fit: received 2 results and 0 failures
2025-07-20 17:58:26,876 - Server - INFO - Round 3: Aggregating updates from 2 clients
2025-07-20 17:58:26,878 - Server - INFO - Round 3: Global model parameters updated
2025-07-20 17:58:26,878 - flwr - INFO - configure_evaluate: strategy sampled 2 clients (out of 2)
2025-07-20 17:58:27,142 - flwr - INFO - aggregate_evaluate: received 2 results and 0 failures
2025-07-20 17:58:27,143 - Server - INFO - Round 3: Aggregating evaluation results from 2 clients
2025-07-20 17:58:27,143 - Server - INFO - Aggregated metrics: {'accuracy': 0.9199537037037037}
2025-07-20 17:58:27,143 - flwr - INFO - 
2025-07-20 17:58:27,143 - flwr - INFO - [ROUND 4]
2025-07-20 17:58:27,143 - flwr - INFO - configure_fit: strategy sampled 2 clients (out of 2)
2025-07-20 17:58:28,853 - flwr - INFO - aggregate_fit: received 2 results and 0 failures
2025-07-20 17:58:28,854 - Server - INFO - Round 4: Aggregating updates from 2 clients
2025-07-20 17:58:28,855 - Server - INFO - Round 4: Global model parameters updated
2025-07-20 17:58:28,855 - flwr - INFO - configure_evaluate: strategy sampled 2 clients (out of 2)
2025-07-20 17:58:29,065 - flwr - INFO - aggregate_evaluate: received 2 results and 0 failures
2025-07-20 17:58:29,066 - Server - INFO - Round 4: Aggregating evaluation results from 2 clients
2025-07-20 17:58:29,066 - Server - INFO - Aggregated metrics: {'accuracy': 0.9320138888888889}
2025-07-20 17:58:29,066 - flwr - INFO - 
2025-07-20 17:58:29,066 - flwr - INFO - [ROUND 5]
2025-07-20 17:58:29,066 - flwr - INFO - configure_fit: strategy sampled 2 clients (out of 2)
2025-07-20 17:58:30,961 - flwr - INFO - aggregate_fit: received 2 results and 0 failures
2025-07-20 17:58:30,961 - Server - INFO - Round 5: Aggregating updates from 2 clients
2025-07-20 17:58:30,962 - Server - INFO - Round 5: Global model parameters updated
2025-07-20 17:58:30,965 - Server - INFO - Model saved to SavedGlobalModel/model_round_5.pth
2025-07-20 17:58:30,965 - Server - INFO - Round 5: Saved checkpoint to model_round_5.pth
2025-07-20 17:58:30,965 - flwr - INFO - configure_evaluate: strategy sampled 2 clients (out of 2)
2025-07-20 17:58:31,167 - flwr - INFO - aggregate_evaluate: received 2 results and 0 failures
2025-07-20 17:58:31,168 - Server - INFO - Round 5: Aggregating evaluation results from 2 clients
2025-07-20 17:58:31,168 - Server - INFO - Aggregated metrics: {'accuracy': 0.9309027777777777}
2025-07-20 17:58:31,168 - flwr - INFO - 
2025-07-20 17:58:31,168 - flwr - INFO - [ROUND 6]
2025-07-20 17:58:31,168 - flwr - INFO - configure_fit: strategy sampled 2 clients (out of 2)
2025-07-20 17:58:32,898 - flwr - INFO - aggregate_fit: received 2 results and 0 failures
2025-07-20 17:58:32,898 - Server - INFO - Round 6: Aggregating updates from 2 clients
2025-07-20 17:58:32,899 - Server - INFO - Round 6: Global model parameters updated
2025-07-20 17:58:32,900 - flwr - INFO - configure_evaluate: strategy sampled 2 clients (out of 2)
2025-07-20 17:58:33,116 - flwr - INFO - aggregate_evaluate: received 2 results and 0 failures
2025-07-20 17:58:33,116 - Server - INFO - Round 6: Aggregating evaluation results from 2 clients
2025-07-20 17:58:33,116 - Server - INFO - Aggregated metrics: {'accuracy': 0.9377546296296296}
2025-07-20 17:58:33,116 - flwr - INFO - 
2025-07-20 17:58:33,116 - flwr - INFO - [SUMMARY]
2025-07-20 17:58:33,116 - flwr - INFO - Run finished 6 round(s) in 18.88s
2025-07-20 17:58:33,117 - flwr - INFO - 	History (loss, distributed):
2025-07-20 17:58:33,117 - flwr - INFO - 		round 1: 0.30272604525089264
2025-07-20 17:58:33,117 - flwr - INFO - 		round 2: 0.21980172395706177
2025-07-20 17:58:33,117 - flwr - INFO - 		round 3: 0.18796276301145554
2025-07-20 17:58:33,117 - flwr - INFO - 		round 4: 0.16851969063282013
2025-07-20 17:58:33,117 - flwr - INFO - 		round 5: 0.16711043566465378
2025-07-20 17:58:33,117 - flwr - INFO - 		round 6: 0.1545599400997162
2025-07-20 17:58:33,117 - flwr - INFO - 	History (metrics, distributed, evaluate):
2025-07-20 17:58:33,117 - flwr - INFO - 	{'accuracy': [(1, 0.8632407407407408),
2025-07-20 17:58:33,117 - flwr - INFO - 	              (2, 0.9066435185185185),
2025-07-20 17:58:33,117 - flwr - INFO - 	              (3, 0.9199537037037037),
2025-07-20 17:58:33,117 - flwr - INFO - 	              (4, 0.9320138888888889),
2025-07-20 17:58:33,117 - flwr - INFO - 	              (5, 0.9309027777777777),
2025-07-20 17:58:33,117 - flwr - INFO - 	              (6, 0.9377546296296296)]}
2025-07-20 17:58:33,117 - flwr - INFO - 
2025-07-20 17:58:33,155 - Server - INFO - Model saved to SavedGlobalModel/final_model.pth
2025-07-20 17:58:33,155 - Server - INFO - Final model saved to SavedGlobalModel/final_model.pth
2025-07-20 17:58:53,000 - Server - INFO - SaveModelStrategy initialized
2025-07-20 17:58:53,000 - Server - INFO - Starting federated learning server at 0.0.0.0:8080
2025-07-20 17:58:53,000 - Server - INFO - Configuration: 6 rounds, 2 minimum clients
2025-07-20 17:58:53,000 - Server - INFO - Model: NeuralNetwork with 17 inputs, 10 classes
2025-07-20 17:58:53,001 - flwr - INFO - Starting Flower server, config: num_rounds=6, no round_timeout
2025-07-20 17:58:53,029 - flwr - INFO - Flower ECE: gRPC server running (6 rounds), SSL is disabled
2025-07-20 17:58:53,030 - flwr - INFO - [INIT]
2025-07-20 17:58:53,030 - flwr - INFO - Using initial global parameters provided by strategy
2025-07-20 17:58:53,030 - flwr - INFO - Starting evaluation of initial global parameters
2025-07-20 17:58:53,030 - flwr - INFO - Evaluation returned no results (`None`)
2025-07-20 17:58:53,031 - flwr - INFO - 
2025-07-20 17:58:53,031 - flwr - INFO - [ROUND 1]
2025-07-20 17:58:59,482 - flwr - INFO - configure_fit: strategy sampled 2 clients (out of 2)
2025-07-20 17:59:04,609 - flwr - INFO - aggregate_fit: received 2 results and 0 failures
2025-07-20 17:59:04,609 - Server - INFO - Round 1: Aggregating updates from 2 clients
2025-07-20 17:59:04,609 - flwr - WARNING - No fit_metrics_aggregation_fn provided
2025-07-20 17:59:04,610 - Server - INFO - Round 1: Global model parameters updated
2025-07-20 17:59:04,612 - Server - INFO - Model saved to SavedGlobalModel/model_round_1.pth
2025-07-20 17:59:04,613 - Server - INFO - Round 1: Saved checkpoint to model_round_1.pth
2025-07-20 17:59:04,613 - flwr - INFO - configure_evaluate: strategy sampled 2 clients (out of 2)
2025-07-20 17:59:04,819 - flwr - INFO - aggregate_evaluate: received 2 results and 0 failures
2025-07-20 17:59:04,820 - Server - INFO - Round 1: Aggregating evaluation results from 2 clients
2025-07-20 17:59:04,820 - Server - INFO - Aggregated metrics: {'accuracy': 0.9083101851851851}
2025-07-20 17:59:04,820 - flwr - INFO - 
2025-07-20 17:59:04,820 - flwr - INFO - [ROUND 2]
2025-07-20 17:59:04,820 - flwr - INFO - configure_fit: strategy sampled 2 clients (out of 2)
2025-07-20 17:59:09,952 - flwr - INFO - aggregate_fit: received 2 results and 0 failures
2025-07-20 17:59:09,952 - Server - INFO - Round 2: Aggregating updates from 2 clients
2025-07-20 17:59:09,954 - Server - INFO - Round 2: Global model parameters updated
2025-07-20 17:59:09,954 - flwr - INFO - configure_evaluate: strategy sampled 2 clients (out of 2)
2025-07-20 17:59:10,157 - flwr - INFO - aggregate_evaluate: received 2 results and 0 failures
2025-07-20 17:59:10,157 - Server - INFO - Round 2: Aggregating evaluation results from 2 clients
2025-07-20 17:59:10,157 - Server - INFO - Aggregated metrics: {'accuracy': 0.9333333333333333}
2025-07-20 17:59:10,157 - flwr - INFO - 
2025-07-20 17:59:10,158 - flwr - INFO - [ROUND 3]
2025-07-20 17:59:10,158 - flwr - INFO - configure_fit: strategy sampled 2 clients (out of 2)
2025-07-20 17:59:15,193 - flwr - INFO - aggregate_fit: received 2 results and 0 failures
2025-07-20 17:59:15,193 - Server - INFO - Round 3: Aggregating updates from 2 clients
2025-07-20 17:59:15,194 - Server - INFO - Round 3: Global model parameters updated
2025-07-20 17:59:15,194 - flwr - INFO - configure_evaluate: strategy sampled 2 clients (out of 2)
2025-07-20 17:59:15,405 - flwr - INFO - aggregate_evaluate: received 2 results and 0 failures
2025-07-20 17:59:15,405 - Server - INFO - Round 3: Aggregating evaluation results from 2 clients
2025-07-20 17:59:15,405 - Server - INFO - Aggregated metrics: {'accuracy': 0.9434490740740741}
2025-07-20 17:59:15,405 - flwr - INFO - 
2025-07-20 17:59:15,406 - flwr - INFO - [ROUND 4]
2025-07-20 17:59:15,406 - flwr - INFO - configure_fit: strategy sampled 2 clients (out of 2)
2025-07-20 17:59:20,637 - flwr - INFO - aggregate_fit: received 2 results and 0 failures
2025-07-20 17:59:20,637 - Server - INFO - Round 4: Aggregating updates from 2 clients
2025-07-20 17:59:20,639 - Server - INFO - Round 4: Global model parameters updated
2025-07-20 17:59:20,639 - flwr - INFO - configure_evaluate: strategy sampled 2 clients (out of 2)
2025-07-20 17:59:20,937 - flwr - INFO - aggregate_evaluate: received 2 results and 0 failures
2025-07-20 17:59:20,937 - Server - INFO - Round 4: Aggregating evaluation results from 2 clients
2025-07-20 17:59:20,937 - Server - INFO - Aggregated metrics: {'accuracy': 0.9519212962962963}
2025-07-20 17:59:20,938 - flwr - INFO - 
2025-07-20 17:59:20,938 - flwr - INFO - [ROUND 5]
2025-07-20 17:59:20,938 - flwr - INFO - configure_fit: strategy sampled 2 clients (out of 2)
2025-07-20 17:59:26,432 - flwr - INFO - aggregate_fit: received 2 results and 0 failures
2025-07-20 17:59:26,432 - Server - INFO - Round 5: Aggregating updates from 2 clients
2025-07-20 17:59:26,434 - Server - INFO - Round 5: Global model parameters updated
2025-07-20 17:59:26,437 - Server - INFO - Model saved to SavedGlobalModel/model_round_5.pth
2025-07-20 17:59:26,437 - Server - INFO - Round 5: Saved checkpoint to model_round_5.pth
2025-07-20 17:59:26,437 - flwr - INFO - configure_evaluate: strategy sampled 2 clients (out of 2)
2025-07-20 17:59:26,655 - flwr - INFO - aggregate_evaluate: received 2 results and 0 failures
2025-07-20 17:59:26,656 - Server - INFO - Round 5: Aggregating evaluation results from 2 clients
2025-07-20 17:59:26,656 - Server - INFO - Aggregated metrics: {'accuracy': 0.9509027777777778}
2025-07-20 17:59:26,656 - flwr - INFO - 
2025-07-20 17:59:26,656 - flwr - INFO - [ROUND 6]
2025-07-20 17:59:26,656 - flwr - INFO - configure_fit: strategy sampled 2 clients (out of 2)
2025-07-20 17:59:31,986 - flwr - INFO - aggregate_fit: received 2 results and 0 failures
2025-07-20 17:59:31,986 - Server - INFO - Round 6: Aggregating updates from 2 clients
2025-07-20 17:59:31,987 - Server - INFO - Round 6: Global model parameters updated
2025-07-20 17:59:31,987 - flwr - INFO - configure_evaluate: strategy sampled 2 clients (out of 2)
2025-07-20 17:59:32,231 - flwr - INFO - aggregate_evaluate: received 2 results and 0 failures
2025-07-20 17:59:32,231 - Server - INFO - Round 6: Aggregating evaluation results from 2 clients
2025-07-20 17:59:32,231 - Server - INFO - Aggregated metrics: {'accuracy': 0.9516898148148148}
2025-07-20 17:59:32,232 - flwr - INFO - 
2025-07-20 17:59:32,232 - flwr - INFO - [SUMMARY]
2025-07-20 17:59:32,232 - flwr - INFO - Run finished 6 round(s) in 39.20s
2025-07-20 17:59:32,232 - flwr - INFO - 	History (loss, distributed):
2025-07-20 17:59:32,232 - flwr - INFO - 		round 1: 0.2222573384642601
2025-07-20 17:59:32,232 - flwr - INFO - 		round 2: 0.18711567670106888
2025-07-20 17:59:32,232 - flwr - INFO - 		round 3: 0.1614832729101181
2025-07-20 17:59:32,232 - flwr - INFO - 		round 4: 0.13943743705749512
2025-07-20 17:59:32,232 - flwr - INFO - 		round 5: 0.1286584883928299
2025-07-20 17:59:32,232 - flwr - INFO - 		round 6: 0.12580785900354385
2025-07-20 17:59:32,232 - flwr - INFO - 	History (metrics, distributed, evaluate):
2025-07-20 17:59:32,232 - flwr - INFO - 	{'accuracy': [(1, 0.9083101851851851),
2025-07-20 17:59:32,232 - flwr - INFO - 	              (2, 0.9333333333333333),
2025-07-20 17:59:32,232 - flwr - INFO - 	              (3, 0.9434490740740741),
2025-07-20 17:59:32,232 - flwr - INFO - 	              (4, 0.9519212962962963),
2025-07-20 17:59:32,233 - flwr - INFO - 	              (5, 0.9509027777777778),
2025-07-20 17:59:32,233 - flwr - INFO - 	              (6, 0.9516898148148148)]}
2025-07-20 17:59:32,233 - flwr - INFO - 
2025-07-20 17:59:32,272 - Server - INFO - Model saved to SavedGlobalModel/final_model.pth
2025-07-20 17:59:32,272 - Server - INFO - Final model saved to SavedGlobalModel/final_model.pth
2025-07-20 17:59:52,529 - Server - INFO - SaveModelStrategy initialized
2025-07-20 17:59:52,529 - Server - INFO - Starting federated learning server at 0.0.0.0:8080
2025-07-20 17:59:52,529 - Server - INFO - Configuration: 6 rounds, 2 minimum clients
2025-07-20 17:59:52,529 - Server - INFO - Model: NeuralNetwork with 17 inputs, 10 classes
2025-07-20 17:59:52,530 - flwr - INFO - Starting Flower server, config: num_rounds=6, no round_timeout
2025-07-20 17:59:52,554 - flwr - INFO - Flower ECE: gRPC server running (6 rounds), SSL is disabled
2025-07-20 17:59:52,554 - flwr - INFO - [INIT]
2025-07-20 17:59:52,554 - flwr - INFO - Using initial global parameters provided by strategy
2025-07-20 17:59:52,554 - flwr - INFO - Starting evaluation of initial global parameters
2025-07-20 17:59:52,555 - flwr - INFO - Evaluation returned no results (`None`)
2025-07-20 17:59:52,555 - flwr - INFO - 
2025-07-20 17:59:52,555 - flwr - INFO - [ROUND 1]
2025-07-20 18:00:00,606 - flwr - INFO - configure_fit: strategy sampled 2 clients (out of 2)
2025-07-20 18:00:09,041 - flwr - INFO - aggregate_fit: received 2 results and 0 failures
2025-07-20 18:00:09,042 - Server - INFO - Round 1: Aggregating updates from 2 clients
2025-07-20 18:00:09,043 - flwr - WARNING - No fit_metrics_aggregation_fn provided
2025-07-20 18:00:09,043 - Server - INFO - Round 1: Global model parameters updated
2025-07-20 18:00:09,047 - Server - INFO - Model saved to SavedGlobalModel/model_round_1.pth
2025-07-20 18:00:09,047 - Server - INFO - Round 1: Saved checkpoint to model_round_1.pth
2025-07-20 18:00:09,047 - flwr - INFO - configure_evaluate: strategy sampled 2 clients (out of 2)
2025-07-20 18:00:09,257 - flwr - INFO - aggregate_evaluate: received 2 results and 0 failures
2025-07-20 18:00:09,257 - Server - INFO - Round 1: Aggregating evaluation results from 2 clients
2025-07-20 18:00:09,258 - Server - INFO - Aggregated metrics: {'accuracy': 0.9047453703703704}
2025-07-20 18:00:09,258 - flwr - INFO - 
2025-07-20 18:00:09,258 - flwr - INFO - [ROUND 2]
2025-07-20 18:00:09,258 - flwr - INFO - configure_fit: strategy sampled 2 clients (out of 2)
2025-07-20 18:00:18,200 - flwr - INFO - aggregate_fit: received 2 results and 0 failures
2025-07-20 18:00:18,201 - Server - INFO - Round 2: Aggregating updates from 2 clients
2025-07-20 18:00:18,201 - Server - INFO - Round 2: Global model parameters updated
2025-07-20 18:00:18,202 - flwr - INFO - configure_evaluate: strategy sampled 2 clients (out of 2)
2025-07-20 18:00:18,408 - flwr - INFO - aggregate_evaluate: received 2 results and 0 failures
2025-07-20 18:00:18,409 - Server - INFO - Round 2: Aggregating evaluation results from 2 clients
2025-07-20 18:00:18,409 - Server - INFO - Aggregated metrics: {'accuracy': 0.9500925925925926}
2025-07-20 18:00:18,409 - flwr - INFO - 
2025-07-20 18:00:18,409 - flwr - INFO - [ROUND 3]
2025-07-20 18:00:18,409 - flwr - INFO - configure_fit: strategy sampled 2 clients (out of 2)
2025-07-20 18:00:27,156 - flwr - INFO - aggregate_fit: received 2 results and 0 failures
2025-07-20 18:00:27,156 - Server - INFO - Round 3: Aggregating updates from 2 clients
2025-07-20 18:00:27,157 - Server - INFO - Round 3: Global model parameters updated
2025-07-20 18:00:27,157 - flwr - INFO - configure_evaluate: strategy sampled 2 clients (out of 2)
2025-07-20 18:00:27,411 - flwr - INFO - aggregate_evaluate: received 2 results and 0 failures
2025-07-20 18:00:27,411 - Server - INFO - Round 3: Aggregating evaluation results from 2 clients
2025-07-20 18:00:27,411 - Server - INFO - Aggregated metrics: {'accuracy': 0.95375}
2025-07-20 18:00:27,412 - flwr - INFO - 
2025-07-20 18:00:27,412 - flwr - INFO - [ROUND 4]
2025-07-20 18:00:27,412 - flwr - INFO - configure_fit: strategy sampled 2 clients (out of 2)
2025-07-20 18:00:37,467 - flwr - INFO - aggregate_fit: received 2 results and 0 failures
2025-07-20 18:00:37,467 - Server - INFO - Round 4: Aggregating updates from 2 clients
2025-07-20 18:00:37,468 - Server - INFO - Round 4: Global model parameters updated
2025-07-20 18:00:37,469 - flwr - INFO - configure_evaluate: strategy sampled 2 clients (out of 2)
2025-07-20 18:00:37,770 - flwr - INFO - aggregate_evaluate: received 2 results and 0 failures
2025-07-20 18:00:37,770 - Server - INFO - Round 4: Aggregating evaluation results from 2 clients
2025-07-20 18:00:37,770 - Server - INFO - Aggregated metrics: {'accuracy': 0.9528703703703704}
2025-07-20 18:00:37,771 - flwr - INFO - 
2025-07-20 18:00:37,771 - flwr - INFO - [ROUND 5]
2025-07-20 18:00:37,771 - flwr - INFO - configure_fit: strategy sampled 2 clients (out of 2)
2025-07-20 18:00:47,896 - flwr - INFO - aggregate_fit: received 2 results and 0 failures
2025-07-20 18:00:47,896 - Server - INFO - Round 5: Aggregating updates from 2 clients
2025-07-20 18:00:47,897 - Server - INFO - Round 5: Global model parameters updated
2025-07-20 18:00:47,899 - Server - INFO - Model saved to SavedGlobalModel/model_round_5.pth
2025-07-20 18:00:47,900 - Server - INFO - Round 5: Saved checkpoint to model_round_5.pth
2025-07-20 18:00:47,900 - flwr - INFO - configure_evaluate: strategy sampled 2 clients (out of 2)
2025-07-20 18:00:48,175 - flwr - INFO - aggregate_evaluate: received 2 results and 0 failures
2025-07-20 18:00:48,176 - Server - INFO - Round 5: Aggregating evaluation results from 2 clients
2025-07-20 18:00:48,176 - Server - INFO - Aggregated metrics: {'accuracy': 0.9499537037037037}
2025-07-20 18:00:48,176 - flwr - INFO - 
2025-07-20 18:00:48,176 - flwr - INFO - [ROUND 6]
2025-07-20 18:00:48,176 - flwr - INFO - configure_fit: strategy sampled 2 clients (out of 2)
2025-07-20 18:00:57,965 - flwr - INFO - aggregate_fit: received 2 results and 0 failures
2025-07-20 18:00:57,965 - Server - INFO - Round 6: Aggregating updates from 2 clients
2025-07-20 18:00:57,966 - Server - INFO - Round 6: Global model parameters updated
2025-07-20 18:00:57,966 - flwr - INFO - configure_evaluate: strategy sampled 2 clients (out of 2)
2025-07-20 18:00:58,196 - flwr - INFO - aggregate_evaluate: received 2 results and 0 failures
2025-07-20 18:00:58,200 - Server - INFO - Round 6: Aggregating evaluation results from 2 clients
2025-07-20 18:00:58,200 - Server - INFO - Aggregated metrics: {'accuracy': 0.9505787037037037}
2025-07-20 18:00:58,200 - flwr - INFO - 
2025-07-20 18:00:58,200 - flwr - INFO - [SUMMARY]
2025-07-20 18:00:58,200 - flwr - INFO - Run finished 6 round(s) in 65.65s
2025-07-20 18:00:58,200 - flwr - INFO - 	History (loss, distributed):
2025-07-20 18:00:58,200 - flwr - INFO - 		round 1: 0.24100415408611298
2025-07-20 18:00:58,200 - flwr - INFO - 		round 2: 0.17079269886016846
2025-07-20 18:00:58,200 - flwr - INFO - 		round 3: 0.14021646976470947
2025-07-20 18:00:58,202 - flwr - INFO - 		round 4: 0.12265565246343613
2025-07-20 18:00:58,202 - flwr - INFO - 		round 5: 0.11891082674264908
2025-07-20 18:00:58,202 - flwr - INFO - 		round 6: 0.11300378292798996
2025-07-20 18:00:58,202 - flwr - INFO - 	History (metrics, distributed, evaluate):
2025-07-20 18:00:58,202 - flwr - INFO - 	{'accuracy': [(1, 0.9047453703703704),
2025-07-20 18:00:58,202 - flwr - INFO - 	              (2, 0.9500925925925926),
2025-07-20 18:00:58,202 - flwr - INFO - 	              (3, 0.95375),
2025-07-20 18:00:58,202 - flwr - INFO - 	              (4, 0.9528703703703704),
2025-07-20 18:00:58,202 - flwr - INFO - 	              (5, 0.9499537037037037),
2025-07-20 18:00:58,202 - flwr - INFO - 	              (6, 0.9505787037037037)]}
2025-07-20 18:00:58,202 - flwr - INFO - 
2025-07-20 18:00:58,241 - Server - INFO - Model saved to SavedGlobalModel/final_model.pth
2025-07-20 18:00:58,242 - Server - INFO - Final model saved to SavedGlobalModel/final_model.pth
2025-07-20 18:01:21,864 - Server - INFO - SaveModelStrategy initialized
2025-07-20 18:01:21,865 - Server - INFO - Starting federated learning server at 0.0.0.0:8080
2025-07-20 18:01:21,865 - Server - INFO - Configuration: 6 rounds, 2 minimum clients
2025-07-20 18:01:21,865 - Server - INFO - Model: NeuralNetwork with 17 inputs, 10 classes
2025-07-20 18:01:21,865 - flwr - INFO - Starting Flower server, config: num_rounds=6, no round_timeout
2025-07-20 18:01:21,889 - flwr - INFO - Flower ECE: gRPC server running (6 rounds), SSL is disabled
2025-07-20 18:01:21,889 - flwr - INFO - [INIT]
2025-07-20 18:01:21,889 - flwr - INFO - Using initial global parameters provided by strategy
2025-07-20 18:01:21,889 - flwr - INFO - Starting evaluation of initial global parameters
2025-07-20 18:01:21,889 - flwr - INFO - Evaluation returned no results (`None`)
2025-07-20 18:01:21,889 - flwr - INFO - 
2025-07-20 18:01:21,889 - flwr - INFO - [ROUND 1]
2025-07-20 18:01:30,559 - flwr - INFO - configure_fit: strategy sampled 2 clients (out of 2)
2025-07-20 18:01:37,822 - flwr - INFO - aggregate_fit: received 2 results and 0 failures
2025-07-20 18:01:37,822 - Server - INFO - Round 1: Aggregating updates from 2 clients
2025-07-20 18:01:37,825 - flwr - WARNING - No fit_metrics_aggregation_fn provided
2025-07-20 18:01:37,825 - Server - INFO - Round 1: Global model parameters updated
2025-07-20 18:01:37,829 - Server - INFO - Model saved to SavedGlobalModel/model_round_1.pth
2025-07-20 18:01:37,829 - Server - INFO - Round 1: Saved checkpoint to model_round_1.pth
2025-07-20 18:01:37,829 - flwr - INFO - configure_evaluate: strategy sampled 2 clients (out of 2)
2025-07-20 18:01:38,110 - flwr - INFO - aggregate_evaluate: received 2 results and 0 failures
2025-07-20 18:01:38,110 - Server - INFO - Round 1: Aggregating evaluation results from 2 clients
2025-07-20 18:01:38,110 - Server - INFO - Aggregated metrics: {'accuracy': 0.9180555555555555}
2025-07-20 18:01:38,111 - flwr - INFO - 
2025-07-20 18:01:38,111 - flwr - INFO - [ROUND 2]
2025-07-20 18:01:38,111 - flwr - INFO - configure_fit: strategy sampled 2 clients (out of 2)
2025-07-20 18:01:45,674 - flwr - INFO - aggregate_fit: received 2 results and 0 failures
2025-07-20 18:01:45,674 - Server - INFO - Round 2: Aggregating updates from 2 clients
2025-07-20 18:01:45,675 - Server - INFO - Round 2: Global model parameters updated
2025-07-20 18:01:45,675 - flwr - INFO - configure_evaluate: strategy sampled 2 clients (out of 2)
2025-07-20 18:01:45,974 - flwr - INFO - aggregate_evaluate: received 2 results and 0 failures
2025-07-20 18:01:45,974 - Server - INFO - Round 2: Aggregating evaluation results from 2 clients
2025-07-20 18:01:45,974 - Server - INFO - Aggregated metrics: {'accuracy': 0.940949074074074}
2025-07-20 18:01:45,974 - flwr - INFO - 
2025-07-20 18:01:45,974 - flwr - INFO - [ROUND 3]
2025-07-20 18:01:45,975 - flwr - INFO - configure_fit: strategy sampled 2 clients (out of 2)
2025-07-20 18:01:53,297 - flwr - INFO - aggregate_fit: received 2 results and 0 failures
2025-07-20 18:01:53,298 - Server - INFO - Round 3: Aggregating updates from 2 clients
2025-07-20 18:01:53,299 - Server - INFO - Round 3: Global model parameters updated
2025-07-20 18:01:53,299 - flwr - INFO - configure_evaluate: strategy sampled 2 clients (out of 2)
2025-07-20 18:01:53,494 - flwr - INFO - aggregate_evaluate: received 2 results and 0 failures
2025-07-20 18:01:53,495 - Server - INFO - Round 3: Aggregating evaluation results from 2 clients
2025-07-20 18:01:53,495 - Server - INFO - Aggregated metrics: {'accuracy': 0.9468981481481481}
2025-07-20 18:01:53,495 - flwr - INFO - 
2025-07-20 18:01:53,495 - flwr - INFO - [ROUND 4]
2025-07-20 18:01:53,495 - flwr - INFO - configure_fit: strategy sampled 2 clients (out of 2)
2025-07-20 18:02:00,538 - flwr - INFO - aggregate_fit: received 2 results and 0 failures
2025-07-20 18:02:00,538 - Server - INFO - Round 4: Aggregating updates from 2 clients
2025-07-20 18:02:00,540 - Server - INFO - Round 4: Global model parameters updated
2025-07-20 18:02:00,540 - flwr - INFO - configure_evaluate: strategy sampled 2 clients (out of 2)
2025-07-20 18:02:00,754 - flwr - INFO - aggregate_evaluate: received 2 results and 0 failures
2025-07-20 18:02:00,754 - Server - INFO - Round 4: Aggregating evaluation results from 2 clients
2025-07-20 18:02:00,754 - Server - INFO - Aggregated metrics: {'accuracy': 0.9390740740740741}
2025-07-20 18:02:00,754 - flwr - INFO - 
2025-07-20 18:02:00,755 - flwr - INFO - [ROUND 5]
2025-07-20 18:02:00,755 - flwr - INFO - configure_fit: strategy sampled 2 clients (out of 2)
2025-07-20 18:02:07,899 - flwr - INFO - aggregate_fit: received 2 results and 0 failures
2025-07-20 18:02:07,899 - Server - INFO - Round 5: Aggregating updates from 2 clients
2025-07-20 18:02:07,901 - Server - INFO - Round 5: Global model parameters updated
2025-07-20 18:02:07,903 - Server - INFO - Model saved to SavedGlobalModel/model_round_5.pth
2025-07-20 18:02:07,904 - Server - INFO - Round 5: Saved checkpoint to model_round_5.pth
2025-07-20 18:02:07,904 - flwr - INFO - configure_evaluate: strategy sampled 2 clients (out of 2)
2025-07-20 18:02:08,140 - flwr - INFO - aggregate_evaluate: received 2 results and 0 failures
2025-07-20 18:02:08,140 - Server - INFO - Round 5: Aggregating evaluation results from 2 clients
2025-07-20 18:02:08,140 - Server - INFO - Aggregated metrics: {'accuracy': 0.942037037037037}
2025-07-20 18:02:08,140 - flwr - INFO - 
2025-07-20 18:02:08,141 - flwr - INFO - [ROUND 6]
2025-07-20 18:02:08,141 - flwr - INFO - configure_fit: strategy sampled 2 clients (out of 2)
2025-07-20 18:02:15,786 - flwr - INFO - aggregate_fit: received 2 results and 0 failures
2025-07-20 18:02:15,786 - Server - INFO - Round 6: Aggregating updates from 2 clients
2025-07-20 18:02:15,788 - Server - INFO - Round 6: Global model parameters updated
2025-07-20 18:02:15,788 - flwr - INFO - configure_evaluate: strategy sampled 2 clients (out of 2)
2025-07-20 18:02:16,006 - flwr - INFO - aggregate_evaluate: received 2 results and 0 failures
2025-07-20 18:02:16,008 - Server - INFO - Round 6: Aggregating evaluation results from 2 clients
2025-07-20 18:02:16,008 - Server - INFO - Aggregated metrics: {'accuracy': 0.93875}
2025-07-20 18:02:16,008 - flwr - INFO - 
2025-07-20 18:02:16,008 - flwr - INFO - [SUMMARY]
2025-07-20 18:02:16,008 - flwr - INFO - Run finished 6 round(s) in 54.12s
2025-07-20 18:02:16,009 - flwr - INFO - 	History (loss, distributed):
2025-07-20 18:02:16,009 - flwr - INFO - 		round 1: 0.19314538687467575
2025-07-20 18:02:16,009 - flwr - INFO - 		round 2: 0.16932566463947296
2025-07-20 18:02:16,009 - flwr - INFO - 		round 3: 0.15002454072237015
2025-07-20 18:02:16,009 - flwr - INFO - 		round 4: 0.16453634947538376
2025-07-20 18:02:16,009 - flwr - INFO - 		round 5: 0.15782445669174194
2025-07-20 18:02:16,009 - flwr - INFO - 		round 6: 0.16248435527086258
2025-07-20 18:02:16,009 - flwr - INFO - 	History (metrics, distributed, evaluate):
2025-07-20 18:02:16,010 - flwr - INFO - 	{'accuracy': [(1, 0.9180555555555555),
2025-07-20 18:02:16,010 - flwr - INFO - 	              (2, 0.940949074074074),
2025-07-20 18:02:16,010 - flwr - INFO - 	              (3, 0.9468981481481481),
2025-07-20 18:02:16,010 - flwr - INFO - 	              (4, 0.9390740740740741),
2025-07-20 18:02:16,010 - flwr - INFO - 	              (5, 0.942037037037037),
2025-07-20 18:02:16,010 - flwr - INFO - 	              (6, 0.93875)]}
2025-07-20 18:02:16,010 - flwr - INFO - 
2025-07-20 18:02:16,049 - Server - INFO - Model saved to SavedGlobalModel/final_model.pth
2025-07-20 18:02:16,049 - Server - INFO - Final model saved to SavedGlobalModel/final_model.pth
2025-07-20 18:02:44,906 - Server - INFO - SaveModelStrategy initialized
2025-07-20 18:02:44,906 - Server - INFO - Starting federated learning server at 0.0.0.0:8080
2025-07-20 18:02:44,906 - Server - INFO - Configuration: 3 rounds, 2 minimum clients
2025-07-20 18:02:44,906 - Server - INFO - Model: NeuralNetwork with 17 inputs, 10 classes
2025-07-20 18:02:44,907 - flwr - INFO - Starting Flower server, config: num_rounds=3, no round_timeout
2025-07-20 18:02:44,935 - flwr - INFO - Flower ECE: gRPC server running (3 rounds), SSL is disabled
2025-07-20 18:02:44,935 - flwr - INFO - [INIT]
2025-07-20 18:02:44,935 - flwr - INFO - Using initial global parameters provided by strategy
2025-07-20 18:02:44,935 - flwr - INFO - Starting evaluation of initial global parameters
2025-07-20 18:02:44,936 - flwr - INFO - Evaluation returned no results (`None`)
2025-07-20 18:02:44,936 - flwr - INFO - 
2025-07-20 18:02:44,936 - flwr - INFO - [ROUND 1]
2025-07-20 18:02:51,182 - flwr - INFO - configure_fit: strategy sampled 2 clients (out of 2)
2025-07-20 18:02:57,302 - flwr - INFO - aggregate_fit: received 2 results and 0 failures
2025-07-20 18:02:57,302 - Server - INFO - Round 1: Aggregating updates from 2 clients
2025-07-20 18:02:57,304 - flwr - WARNING - No fit_metrics_aggregation_fn provided
2025-07-20 18:02:57,304 - Server - INFO - Round 1: Global model parameters updated
2025-07-20 18:02:57,306 - Server - INFO - Model saved to SavedGlobalModel/model_round_1.pth
2025-07-20 18:02:57,308 - Server - INFO - Round 1: Saved checkpoint to model_round_1.pth
2025-07-20 18:02:57,308 - flwr - INFO - configure_evaluate: strategy sampled 2 clients (out of 2)
2025-07-20 18:02:57,526 - flwr - INFO - aggregate_evaluate: received 2 results and 0 failures
2025-07-20 18:02:57,526 - Server - INFO - Round 1: Aggregating evaluation results from 2 clients
2025-07-20 18:02:57,527 - Server - INFO - Aggregated metrics: {'accuracy': 0.8891203703703704}
2025-07-20 18:02:57,527 - flwr - INFO - 
2025-07-20 18:02:57,527 - flwr - INFO - [ROUND 2]
2025-07-20 18:02:57,527 - flwr - INFO - configure_fit: strategy sampled 2 clients (out of 2)
2025-07-20 18:03:04,314 - flwr - INFO - aggregate_fit: received 2 results and 0 failures
2025-07-20 18:03:04,315 - Server - INFO - Round 2: Aggregating updates from 2 clients
2025-07-20 18:03:04,316 - Server - INFO - Round 2: Global model parameters updated
2025-07-20 18:03:04,316 - flwr - INFO - configure_evaluate: strategy sampled 2 clients (out of 2)
2025-07-20 18:03:04,518 - flwr - INFO - aggregate_evaluate: received 2 results and 0 failures
2025-07-20 18:03:04,518 - Server - INFO - Round 2: Aggregating evaluation results from 2 clients
2025-07-20 18:03:04,518 - Server - INFO - Aggregated metrics: {'accuracy': 0.9452314814814815}
2025-07-20 18:03:04,518 - flwr - INFO - 
2025-07-20 18:03:04,519 - flwr - INFO - [ROUND 3]
2025-07-20 18:03:04,519 - flwr - INFO - configure_fit: strategy sampled 2 clients (out of 2)
2025-07-20 18:03:11,288 - flwr - INFO - aggregate_fit: received 2 results and 0 failures
2025-07-20 18:03:11,289 - Server - INFO - Round 3: Aggregating updates from 2 clients
2025-07-20 18:03:11,289 - Server - INFO - Round 3: Global model parameters updated
2025-07-20 18:03:11,290 - flwr - INFO - configure_evaluate: strategy sampled 2 clients (out of 2)
2025-07-20 18:03:11,476 - flwr - INFO - aggregate_evaluate: received 2 results and 0 failures
2025-07-20 18:03:11,476 - Server - INFO - Round 3: Aggregating evaluation results from 2 clients
2025-07-20 18:03:11,476 - Server - INFO - Aggregated metrics: {'accuracy': 0.9453703703703704}
2025-07-20 18:03:11,477 - flwr - INFO - 
2025-07-20 18:03:11,477 - flwr - INFO - [SUMMARY]
2025-07-20 18:03:11,477 - flwr - INFO - Run finished 3 round(s) in 26.54s
2025-07-20 18:03:11,477 - flwr - INFO - 	History (loss, distributed):
2025-07-20 18:03:11,477 - flwr - INFO - 		round 1: 0.2523706555366516
2025-07-20 18:03:11,477 - flwr - INFO - 		round 2: 0.16942723840475082
2025-07-20 18:03:11,477 - flwr - INFO - 		round 3: 0.15950288623571396
2025-07-20 18:03:11,477 - flwr - INFO - 	History (metrics, distributed, evaluate):
2025-07-20 18:03:11,477 - flwr - INFO - 	{'accuracy': [(1, 0.8891203703703704),
2025-07-20 18:03:11,477 - flwr - INFO - 	              (2, 0.9452314814814815),
2025-07-20 18:03:11,477 - flwr - INFO - 	              (3, 0.9453703703703704)]}
2025-07-20 18:03:11,477 - flwr - INFO - 
2025-07-20 18:03:11,512 - Server - INFO - Model saved to SavedGlobalModel/final_model.pth
2025-07-20 18:03:11,512 - Server - INFO - Final model saved to SavedGlobalModel/final_model.pth
2025-07-20 18:03:26,938 - Server - INFO - SaveModelStrategy initialized
2025-07-20 18:03:26,938 - Server - INFO - Starting federated learning server at 0.0.0.0:8080
2025-07-20 18:03:26,938 - Server - INFO - Configuration: 4 rounds, 2 minimum clients
2025-07-20 18:03:26,938 - Server - INFO - Model: NeuralNetwork with 17 inputs, 10 classes
2025-07-20 18:03:26,940 - flwr - INFO - Starting Flower server, config: num_rounds=4, no round_timeout
2025-07-20 18:03:26,963 - flwr - INFO - Flower ECE: gRPC server running (4 rounds), SSL is disabled
2025-07-20 18:03:26,964 - flwr - INFO - [INIT]
2025-07-20 18:03:26,964 - flwr - INFO - Using initial global parameters provided by strategy
2025-07-20 18:03:26,964 - flwr - INFO - Starting evaluation of initial global parameters
2025-07-20 18:03:26,964 - flwr - INFO - Evaluation returned no results (`None`)
2025-07-20 18:03:26,964 - flwr - INFO - 
2025-07-20 18:03:26,964 - flwr - INFO - [ROUND 1]
2025-07-20 18:03:34,069 - flwr - INFO - configure_fit: strategy sampled 2 clients (out of 2)
2025-07-20 18:03:40,816 - flwr - INFO - aggregate_fit: received 2 results and 0 failures
2025-07-20 18:03:40,816 - Server - INFO - Round 1: Aggregating updates from 2 clients
2025-07-20 18:03:40,818 - flwr - WARNING - No fit_metrics_aggregation_fn provided
2025-07-20 18:03:40,818 - Server - INFO - Round 1: Global model parameters updated
2025-07-20 18:03:40,820 - Server - INFO - Model saved to SavedGlobalModel/model_round_1.pth
2025-07-20 18:03:40,820 - Server - INFO - Round 1: Saved checkpoint to model_round_1.pth
2025-07-20 18:03:40,820 - flwr - INFO - configure_evaluate: strategy sampled 2 clients (out of 2)
2025-07-20 18:03:41,036 - flwr - INFO - aggregate_evaluate: received 2 results and 0 failures
2025-07-20 18:03:41,037 - Server - INFO - Round 1: Aggregating evaluation results from 2 clients
2025-07-20 18:03:41,037 - Server - INFO - Aggregated metrics: {'accuracy': 0.9046296296296297}
2025-07-20 18:03:41,037 - flwr - INFO - 
2025-07-20 18:03:41,037 - flwr - INFO - [ROUND 2]
2025-07-20 18:03:41,037 - flwr - INFO - configure_fit: strategy sampled 2 clients (out of 2)
2025-07-20 18:03:48,027 - flwr - INFO - aggregate_fit: received 2 results and 0 failures
2025-07-20 18:03:48,028 - Server - INFO - Round 2: Aggregating updates from 2 clients
2025-07-20 18:03:48,028 - Server - INFO - Round 2: Global model parameters updated
2025-07-20 18:03:48,029 - flwr - INFO - configure_evaluate: strategy sampled 2 clients (out of 2)
2025-07-20 18:03:48,240 - flwr - INFO - aggregate_evaluate: received 2 results and 0 failures
2025-07-20 18:03:48,241 - Server - INFO - Round 2: Aggregating evaluation results from 2 clients
2025-07-20 18:03:48,241 - Server - INFO - Aggregated metrics: {'accuracy': 0.9393981481481481}
2025-07-20 18:03:48,241 - flwr - INFO - 
2025-07-20 18:03:48,241 - flwr - INFO - [ROUND 3]
2025-07-20 18:03:48,241 - flwr - INFO - configure_fit: strategy sampled 2 clients (out of 2)
2025-07-20 18:03:55,337 - flwr - INFO - aggregate_fit: received 2 results and 0 failures
2025-07-20 18:03:55,338 - Server - INFO - Round 3: Aggregating updates from 2 clients
2025-07-20 18:03:55,339 - Server - INFO - Round 3: Global model parameters updated
2025-07-20 18:03:55,339 - flwr - INFO - configure_evaluate: strategy sampled 2 clients (out of 2)
2025-07-20 18:03:55,531 - flwr - INFO - aggregate_evaluate: received 2 results and 0 failures
2025-07-20 18:03:55,531 - Server - INFO - Round 3: Aggregating evaluation results from 2 clients
2025-07-20 18:03:55,531 - Server - INFO - Aggregated metrics: {'accuracy': 0.952037037037037}
2025-07-20 18:03:55,531 - flwr - INFO - 
2025-07-20 18:03:55,531 - flwr - INFO - [ROUND 4]
2025-07-20 18:03:55,531 - flwr - INFO - configure_fit: strategy sampled 2 clients (out of 2)
2025-07-20 18:04:02,406 - flwr - INFO - aggregate_fit: received 2 results and 0 failures
2025-07-20 18:04:02,406 - Server - INFO - Round 4: Aggregating updates from 2 clients
2025-07-20 18:04:02,407 - Server - INFO - Round 4: Global model parameters updated
2025-07-20 18:04:02,407 - flwr - INFO - configure_evaluate: strategy sampled 2 clients (out of 2)
2025-07-20 18:04:02,616 - flwr - INFO - aggregate_evaluate: received 2 results and 0 failures
2025-07-20 18:04:02,616 - Server - INFO - Round 4: Aggregating evaluation results from 2 clients
2025-07-20 18:04:02,616 - Server - INFO - Aggregated metrics: {'accuracy': 0.9438194444444444}
2025-07-20 18:04:02,616 - flwr - INFO - 
2025-07-20 18:04:02,616 - flwr - INFO - [SUMMARY]
2025-07-20 18:04:02,616 - flwr - INFO - Run finished 4 round(s) in 35.65s
2025-07-20 18:04:02,616 - flwr - INFO - 	History (loss, distributed):
2025-07-20 18:04:02,616 - flwr - INFO - 		round 1: 0.2693654000759125
2025-07-20 18:04:02,617 - flwr - INFO - 		round 2: 0.15818406641483307
2025-07-20 18:04:02,617 - flwr - INFO - 		round 3: 0.1358700729906559
2025-07-20 18:04:02,617 - flwr - INFO - 		round 4: 0.13905147463083267
2025-07-20 18:04:02,617 - flwr - INFO - 	History (metrics, distributed, evaluate):
2025-07-20 18:04:02,617 - flwr - INFO - 	{'accuracy': [(1, 0.9046296296296297),
2025-07-20 18:04:02,617 - flwr - INFO - 	              (2, 0.9393981481481481),
2025-07-20 18:04:02,617 - flwr - INFO - 	              (3, 0.952037037037037),
2025-07-20 18:04:02,617 - flwr - INFO - 	              (4, 0.9438194444444444)]}
2025-07-20 18:04:02,617 - flwr - INFO - 
2025-07-20 18:04:02,662 - Server - INFO - Model saved to SavedGlobalModel/final_model.pth
2025-07-20 18:04:02,662 - Server - INFO - Final model saved to SavedGlobalModel/final_model.pth
2025-07-20 18:04:23,469 - Server - INFO - SaveModelStrategy initialized
2025-07-20 18:04:23,469 - Server - INFO - Starting federated learning server at 0.0.0.0:8080
2025-07-20 18:04:23,469 - Server - INFO - Configuration: 3 rounds, 2 minimum clients
2025-07-20 18:04:23,469 - Server - INFO - Model: NeuralNetwork with 17 inputs, 10 classes
2025-07-20 18:04:23,470 - flwr - INFO - Starting Flower server, config: num_rounds=3, no round_timeout
2025-07-20 18:04:23,496 - flwr - INFO - Flower ECE: gRPC server running (3 rounds), SSL is disabled
2025-07-20 18:04:23,496 - flwr - INFO - [INIT]
2025-07-20 18:04:23,496 - flwr - INFO - Using initial global parameters provided by strategy
2025-07-20 18:04:23,496 - flwr - INFO - Starting evaluation of initial global parameters
2025-07-20 18:04:23,496 - flwr - INFO - Evaluation returned no results (`None`)
2025-07-20 18:04:23,497 - flwr - INFO - 
2025-07-20 18:04:23,497 - flwr - INFO - [ROUND 1]
2025-07-20 18:04:30,135 - flwr - INFO - configure_fit: strategy sampled 2 clients (out of 2)
2025-07-20 18:04:36,606 - flwr - INFO - aggregate_fit: received 2 results and 0 failures
2025-07-20 18:04:36,606 - Server - INFO - Round 1: Aggregating updates from 2 clients
2025-07-20 18:04:36,607 - flwr - WARNING - No fit_metrics_aggregation_fn provided
2025-07-20 18:04:36,608 - Server - INFO - Round 1: Global model parameters updated
2025-07-20 18:04:36,610 - Server - INFO - Model saved to SavedGlobalModel/model_round_1.pth
2025-07-20 18:04:36,611 - Server - INFO - Round 1: Saved checkpoint to model_round_1.pth
2025-07-20 18:04:36,611 - flwr - INFO - configure_evaluate: strategy sampled 2 clients (out of 2)
2025-07-20 18:04:36,820 - flwr - INFO - aggregate_evaluate: received 2 results and 0 failures
2025-07-20 18:04:36,820 - Server - INFO - Round 1: Aggregating evaluation results from 2 clients
2025-07-20 18:04:36,820 - Server - INFO - Aggregated metrics: {'accuracy': 0.9139351851851852}
2025-07-20 18:04:36,820 - flwr - INFO - 
2025-07-20 18:04:36,820 - flwr - INFO - [ROUND 2]
2025-07-20 18:04:36,820 - flwr - INFO - configure_fit: strategy sampled 2 clients (out of 2)
2025-07-20 18:04:43,809 - flwr - INFO - aggregate_fit: received 2 results and 0 failures
2025-07-20 18:04:43,809 - Server - INFO - Round 2: Aggregating updates from 2 clients
2025-07-20 18:04:43,811 - Server - INFO - Round 2: Global model parameters updated
2025-07-20 18:04:43,811 - flwr - INFO - configure_evaluate: strategy sampled 2 clients (out of 2)
2025-07-20 18:04:44,109 - flwr - INFO - aggregate_evaluate: received 2 results and 0 failures
2025-07-20 18:04:44,109 - Server - INFO - Round 2: Aggregating evaluation results from 2 clients
2025-07-20 18:04:44,109 - Server - INFO - Aggregated metrics: {'accuracy': 0.9357175925925926}
2025-07-20 18:04:44,109 - flwr - INFO - 
2025-07-20 18:04:44,110 - flwr - INFO - [ROUND 3]
2025-07-20 18:04:44,110 - flwr - INFO - configure_fit: strategy sampled 2 clients (out of 2)
2025-07-20 18:04:50,987 - flwr - INFO - aggregate_fit: received 2 results and 0 failures
2025-07-20 18:04:50,987 - Server - INFO - Round 3: Aggregating updates from 2 clients
2025-07-20 18:04:50,988 - Server - INFO - Round 3: Global model parameters updated
2025-07-20 18:04:50,989 - flwr - INFO - configure_evaluate: strategy sampled 2 clients (out of 2)
2025-07-20 18:04:51,187 - flwr - INFO - aggregate_evaluate: received 2 results and 0 failures
2025-07-20 18:04:51,187 - Server - INFO - Round 3: Aggregating evaluation results from 2 clients
2025-07-20 18:04:51,187 - Server - INFO - Aggregated metrics: {'accuracy': 0.9343055555555555}
2025-07-20 18:04:51,188 - flwr - INFO - 
2025-07-20 18:04:51,188 - flwr - INFO - [SUMMARY]
2025-07-20 18:04:51,188 - flwr - INFO - Run finished 3 round(s) in 27.69s
2025-07-20 18:04:51,188 - flwr - INFO - 	History (loss, distributed):
2025-07-20 18:04:51,188 - flwr - INFO - 		round 1: 0.24722271412611008
2025-07-20 18:04:51,188 - flwr - INFO - 		round 2: 0.20553535223007202
2025-07-20 18:04:51,188 - flwr - INFO - 		round 3: 0.1811165139079094
2025-07-20 18:04:51,188 - flwr - INFO - 	History (metrics, distributed, evaluate):
2025-07-20 18:04:51,188 - flwr - INFO - 	{'accuracy': [(1, 0.9139351851851852),
2025-07-20 18:04:51,188 - flwr - INFO - 	              (2, 0.9357175925925926),
2025-07-20 18:04:51,188 - flwr - INFO - 	              (3, 0.9343055555555555)]}
2025-07-20 18:04:51,188 - flwr - INFO - 
2025-07-20 18:04:51,230 - Server - INFO - Model saved to SavedGlobalModel/final_model.pth
2025-07-20 18:04:51,230 - Server - INFO - Final model saved to SavedGlobalModel/final_model.pth
2025-07-20 18:05:10,620 - Server - INFO - SaveModelStrategy initialized
2025-07-20 18:05:10,620 - Server - INFO - Starting federated learning server at 0.0.0.0:8080
2025-07-20 18:05:10,620 - Server - INFO - Configuration: 4 rounds, 2 minimum clients
2025-07-20 18:05:10,620 - Server - INFO - Model: NeuralNetwork with 17 inputs, 10 classes
2025-07-20 18:05:10,621 - flwr - INFO - Starting Flower server, config: num_rounds=4, no round_timeout
2025-07-20 18:05:10,648 - flwr - INFO - Flower ECE: gRPC server running (4 rounds), SSL is disabled
2025-07-20 18:05:10,648 - flwr - INFO - [INIT]
2025-07-20 18:05:10,648 - flwr - INFO - Using initial global parameters provided by strategy
2025-07-20 18:05:10,648 - flwr - INFO - Starting evaluation of initial global parameters
2025-07-20 18:05:10,648 - flwr - INFO - Evaluation returned no results (`None`)
2025-07-20 18:05:10,648 - flwr - INFO - 
2025-07-20 18:05:10,648 - flwr - INFO - [ROUND 1]
2025-07-20 18:05:18,065 - flwr - INFO - configure_fit: strategy sampled 2 clients (out of 2)
2025-07-20 18:05:24,649 - flwr - INFO - aggregate_fit: received 2 results and 0 failures
2025-07-20 18:05:24,649 - Server - INFO - Round 1: Aggregating updates from 2 clients
2025-07-20 18:05:24,650 - flwr - WARNING - No fit_metrics_aggregation_fn provided
2025-07-20 18:05:24,650 - Server - INFO - Round 1: Global model parameters updated
2025-07-20 18:05:24,653 - Server - INFO - Model saved to SavedGlobalModel/model_round_1.pth
2025-07-20 18:05:24,653 - Server - INFO - Round 1: Saved checkpoint to model_round_1.pth
2025-07-20 18:05:24,653 - flwr - INFO - configure_evaluate: strategy sampled 2 clients (out of 2)
2025-07-20 18:05:24,868 - flwr - INFO - aggregate_evaluate: received 2 results and 0 failures
2025-07-20 18:05:24,868 - Server - INFO - Round 1: Aggregating evaluation results from 2 clients
2025-07-20 18:05:24,868 - Server - INFO - Aggregated metrics: {'accuracy': 0.9049074074074074}
2025-07-20 18:05:24,868 - flwr - INFO - 
2025-07-20 18:05:24,868 - flwr - INFO - [ROUND 2]
2025-07-20 18:05:24,868 - flwr - INFO - configure_fit: strategy sampled 2 clients (out of 2)
2025-07-20 18:05:31,758 - flwr - INFO - aggregate_fit: received 2 results and 0 failures
2025-07-20 18:05:31,758 - Server - INFO - Round 2: Aggregating updates from 2 clients
2025-07-20 18:05:31,759 - Server - INFO - Round 2: Global model parameters updated
2025-07-20 18:05:31,759 - flwr - INFO - configure_evaluate: strategy sampled 2 clients (out of 2)
2025-07-20 18:05:31,966 - flwr - INFO - aggregate_evaluate: received 2 results and 0 failures
2025-07-20 18:05:31,966 - Server - INFO - Round 2: Aggregating evaluation results from 2 clients
2025-07-20 18:05:31,966 - Server - INFO - Aggregated metrics: {'accuracy': 0.9369675925925925}
2025-07-20 18:05:31,966 - flwr - INFO - 
2025-07-20 18:05:31,966 - flwr - INFO - [ROUND 3]
2025-07-20 18:05:31,967 - flwr - INFO - configure_fit: strategy sampled 2 clients (out of 2)
2025-07-20 18:05:39,328 - flwr - INFO - aggregate_fit: received 2 results and 0 failures
2025-07-20 18:05:39,328 - Server - INFO - Round 3: Aggregating updates from 2 clients
2025-07-20 18:05:39,329 - Server - INFO - Round 3: Global model parameters updated
2025-07-20 18:05:39,329 - flwr - INFO - configure_evaluate: strategy sampled 2 clients (out of 2)
2025-07-20 18:05:39,537 - flwr - INFO - aggregate_evaluate: received 2 results and 0 failures
2025-07-20 18:05:39,537 - Server - INFO - Round 3: Aggregating evaluation results from 2 clients
2025-07-20 18:05:39,537 - Server - INFO - Aggregated metrics: {'accuracy': 0.9472916666666666}
2025-07-20 18:05:39,537 - flwr - INFO - 
2025-07-20 18:05:39,538 - flwr - INFO - [ROUND 4]
2025-07-20 18:05:39,538 - flwr - INFO - configure_fit: strategy sampled 2 clients (out of 2)
2025-07-20 18:05:46,609 - flwr - INFO - aggregate_fit: received 2 results and 0 failures
2025-07-20 18:05:46,609 - Server - INFO - Round 4: Aggregating updates from 2 clients
2025-07-20 18:05:46,610 - Server - INFO - Round 4: Global model parameters updated
2025-07-20 18:05:46,611 - flwr - INFO - configure_evaluate: strategy sampled 2 clients (out of 2)
2025-07-20 18:05:46,817 - flwr - INFO - aggregate_evaluate: received 2 results and 0 failures
2025-07-20 18:05:46,817 - Server - INFO - Round 4: Aggregating evaluation results from 2 clients
2025-07-20 18:05:46,817 - Server - INFO - Aggregated metrics: {'accuracy': 0.9467361111111111}
2025-07-20 18:05:46,817 - flwr - INFO - 
2025-07-20 18:05:46,817 - flwr - INFO - [SUMMARY]
2025-07-20 18:05:46,818 - flwr - INFO - Run finished 4 round(s) in 36.17s
2025-07-20 18:05:46,818 - flwr - INFO - 	History (loss, distributed):
2025-07-20 18:05:46,818 - flwr - INFO - 		round 1: 0.24552833288908005
2025-07-20 18:05:46,818 - flwr - INFO - 		round 2: 0.2107570841908455
2025-07-20 18:05:46,818 - flwr - INFO - 		round 3: 0.18136945366859436
2025-07-20 18:05:46,818 - flwr - INFO - 		round 4: 0.171808660030365
2025-07-20 18:05:46,818 - flwr - INFO - 	History (metrics, distributed, evaluate):
2025-07-20 18:05:46,818 - flwr - INFO - 	{'accuracy': [(1, 0.9049074074074074),
2025-07-20 18:05:46,818 - flwr - INFO - 	              (2, 0.9369675925925925),
2025-07-20 18:05:46,818 - flwr - INFO - 	              (3, 0.9472916666666666),
2025-07-20 18:05:46,818 - flwr - INFO - 	              (4, 0.9467361111111111)]}
2025-07-20 18:05:46,818 - flwr - INFO - 
2025-07-20 18:05:46,858 - Server - INFO - Model saved to SavedGlobalModel/final_model.pth
2025-07-20 18:05:46,858 - Server - INFO - Final model saved to SavedGlobalModel/final_model.pth
2025-07-20 18:06:10,285 - Server - INFO - SaveModelStrategy initialized
2025-07-20 18:06:10,285 - Server - INFO - Starting federated learning server at 0.0.0.0:8080
2025-07-20 18:06:10,285 - Server - INFO - Configuration: 4 rounds, 2 minimum clients
2025-07-20 18:06:10,285 - Server - INFO - Model: NeuralNetwork with 17 inputs, 10 classes
2025-07-20 18:06:10,287 - flwr - INFO - Starting Flower server, config: num_rounds=4, no round_timeout
2025-07-20 18:06:10,300 - flwr - INFO - Flower ECE: gRPC server running (4 rounds), SSL is disabled
2025-07-20 18:06:10,300 - flwr - INFO - [INIT]
2025-07-20 18:06:10,300 - flwr - INFO - Using initial global parameters provided by strategy
2025-07-20 18:06:10,301 - flwr - INFO - Starting evaluation of initial global parameters
2025-07-20 18:06:10,301 - flwr - INFO - Evaluation returned no results (`None`)
2025-07-20 18:06:10,301 - flwr - INFO - 
2025-07-20 18:06:10,301 - flwr - INFO - [ROUND 1]
2025-07-20 18:06:16,262 - flwr - INFO - configure_fit: strategy sampled 2 clients (out of 2)
2025-07-20 18:06:21,274 - flwr - INFO - aggregate_fit: received 2 results and 0 failures
2025-07-20 18:06:21,274 - Server - INFO - Round 1: Aggregating updates from 2 clients
2025-07-20 18:06:21,275 - flwr - WARNING - No fit_metrics_aggregation_fn provided
2025-07-20 18:06:21,276 - Server - INFO - Round 1: Global model parameters updated
2025-07-20 18:06:21,279 - Server - INFO - Model saved to SavedGlobalModel/model_round_1.pth
2025-07-20 18:06:21,279 - Server - INFO - Round 1: Saved checkpoint to model_round_1.pth
2025-07-20 18:06:21,279 - flwr - INFO - configure_evaluate: strategy sampled 2 clients (out of 2)
2025-07-20 18:06:21,492 - flwr - INFO - aggregate_evaluate: received 2 results and 0 failures
2025-07-20 18:06:21,493 - Server - INFO - Round 1: Aggregating evaluation results from 2 clients
2025-07-20 18:06:21,493 - Server - INFO - Aggregated metrics: {'accuracy': 0.9082870370370371}
2025-07-20 18:06:21,493 - flwr - INFO - 
2025-07-20 18:06:21,493 - flwr - INFO - [ROUND 2]
2025-07-20 18:06:21,493 - flwr - INFO - configure_fit: strategy sampled 2 clients (out of 2)
2025-07-20 18:06:26,875 - flwr - INFO - aggregate_fit: received 2 results and 0 failures
2025-07-20 18:06:26,875 - Server - INFO - Round 2: Aggregating updates from 2 clients
2025-07-20 18:06:26,877 - Server - INFO - Round 2: Global model parameters updated
2025-07-20 18:06:26,877 - flwr - INFO - configure_evaluate: strategy sampled 2 clients (out of 2)
2025-07-20 18:06:27,077 - flwr - INFO - aggregate_evaluate: received 2 results and 0 failures
2025-07-20 18:06:27,077 - Server - INFO - Round 2: Aggregating evaluation results from 2 clients
2025-07-20 18:06:27,077 - Server - INFO - Aggregated metrics: {'accuracy': 0.9384953703703703}
2025-07-20 18:06:27,077 - flwr - INFO - 
2025-07-20 18:06:27,077 - flwr - INFO - [ROUND 3]
2025-07-20 18:06:27,077 - flwr - INFO - configure_fit: strategy sampled 2 clients (out of 2)
2025-07-20 18:06:32,175 - flwr - INFO - aggregate_fit: received 2 results and 0 failures
2025-07-20 18:06:32,175 - Server - INFO - Round 3: Aggregating updates from 2 clients
2025-07-20 18:06:32,177 - Server - INFO - Round 3: Global model parameters updated
2025-07-20 18:06:32,177 - flwr - INFO - configure_evaluate: strategy sampled 2 clients (out of 2)
2025-07-20 18:06:32,406 - flwr - INFO - aggregate_evaluate: received 2 results and 0 failures
2025-07-20 18:06:32,407 - Server - INFO - Round 3: Aggregating evaluation results from 2 clients
2025-07-20 18:06:32,407 - Server - INFO - Aggregated metrics: {'accuracy': 0.9428240740740741}
2025-07-20 18:06:32,407 - flwr - INFO - 
2025-07-20 18:06:32,407 - flwr - INFO - [ROUND 4]
2025-07-20 18:06:32,407 - flwr - INFO - configure_fit: strategy sampled 2 clients (out of 2)
2025-07-20 18:06:37,487 - flwr - INFO - aggregate_fit: received 2 results and 0 failures
2025-07-20 18:06:37,487 - Server - INFO - Round 4: Aggregating updates from 2 clients
2025-07-20 18:06:37,488 - Server - INFO - Round 4: Global model parameters updated
2025-07-20 18:06:37,488 - flwr - INFO - configure_evaluate: strategy sampled 2 clients (out of 2)
2025-07-20 18:06:37,714 - flwr - INFO - aggregate_evaluate: received 2 results and 0 failures
2025-07-20 18:06:37,715 - Server - INFO - Round 4: Aggregating evaluation results from 2 clients
2025-07-20 18:06:37,715 - Server - INFO - Aggregated metrics: {'accuracy': 0.9355092592592592}
2025-07-20 18:06:37,715 - flwr - INFO - 
2025-07-20 18:06:37,715 - flwr - INFO - [SUMMARY]
2025-07-20 18:06:37,715 - flwr - INFO - Run finished 4 round(s) in 27.41s
2025-07-20 18:06:37,715 - flwr - INFO - 	History (loss, distributed):
2025-07-20 18:06:37,715 - flwr - INFO - 		round 1: 0.21947812288999557
2025-07-20 18:06:37,715 - flwr - INFO - 		round 2: 0.1682504639029503
2025-07-20 18:06:37,715 - flwr - INFO - 		round 3: 0.15270577371120453
2025-07-20 18:06:37,716 - flwr - INFO - 		round 4: 0.16418468952178955
2025-07-20 18:06:37,716 - flwr - INFO - 	History (metrics, distributed, evaluate):
2025-07-20 18:06:37,716 - flwr - INFO - 	{'accuracy': [(1, 0.9082870370370371),
2025-07-20 18:06:37,716 - flwr - INFO - 	              (2, 0.9384953703703703),
2025-07-20 18:06:37,716 - flwr - INFO - 	              (3, 0.9428240740740741),
2025-07-20 18:06:37,716 - flwr - INFO - 	              (4, 0.9355092592592592)]}
2025-07-20 18:06:37,716 - flwr - INFO - 
2025-07-20 18:06:37,754 - Server - INFO - Model saved to SavedGlobalModel/final_model.pth
2025-07-20 18:06:37,754 - Server - INFO - Final model saved to SavedGlobalModel/final_model.pth
2025-07-20 18:07:02,995 - Server - INFO - SaveModelStrategy initialized
2025-07-20 18:07:02,995 - Server - INFO - Starting federated learning server at 0.0.0.0:8080
2025-07-20 18:07:02,995 - Server - INFO - Configuration: 4 rounds, 2 minimum clients
2025-07-20 18:07:02,996 - Server - INFO - Model: NeuralNetwork with 17 inputs, 10 classes
2025-07-20 18:07:02,997 - flwr - INFO - Starting Flower server, config: num_rounds=4, no round_timeout
2025-07-20 18:07:03,032 - flwr - INFO - Flower ECE: gRPC server running (4 rounds), SSL is disabled
2025-07-20 18:07:03,033 - flwr - INFO - [INIT]
2025-07-20 18:07:03,033 - flwr - INFO - Using initial global parameters provided by strategy
2025-07-20 18:07:03,033 - flwr - INFO - Starting evaluation of initial global parameters
2025-07-20 18:07:03,033 - flwr - INFO - Evaluation returned no results (`None`)
2025-07-20 18:07:03,033 - flwr - INFO - 
2025-07-20 18:07:03,033 - flwr - INFO - [ROUND 1]
2025-07-20 18:07:09,902 - flwr - INFO - configure_fit: strategy sampled 2 clients (out of 2)
2025-07-20 18:07:18,353 - flwr - INFO - aggregate_fit: received 2 results and 0 failures
2025-07-20 18:07:18,353 - Server - INFO - Round 1: Aggregating updates from 2 clients
2025-07-20 18:07:18,354 - flwr - WARNING - No fit_metrics_aggregation_fn provided
2025-07-20 18:07:18,355 - Server - INFO - Round 1: Global model parameters updated
2025-07-20 18:07:18,357 - Server - INFO - Model saved to SavedGlobalModel/model_round_1.pth
2025-07-20 18:07:18,357 - Server - INFO - Round 1: Saved checkpoint to model_round_1.pth
2025-07-20 18:07:18,357 - flwr - INFO - configure_evaluate: strategy sampled 2 clients (out of 2)
2025-07-20 18:07:18,569 - flwr - INFO - aggregate_evaluate: received 2 results and 0 failures
2025-07-20 18:07:18,570 - Server - INFO - Round 1: Aggregating evaluation results from 2 clients
2025-07-20 18:07:18,570 - Server - INFO - Aggregated metrics: {'accuracy': 0.8932638888888889}
2025-07-20 18:07:18,570 - flwr - INFO - 
2025-07-20 18:07:18,570 - flwr - INFO - [ROUND 2]
2025-07-20 18:07:18,570 - flwr - INFO - configure_fit: strategy sampled 2 clients (out of 2)
2025-07-20 18:07:27,005 - flwr - INFO - aggregate_fit: received 2 results and 0 failures
2025-07-20 18:07:27,005 - Server - INFO - Round 2: Aggregating updates from 2 clients
2025-07-20 18:07:27,008 - Server - INFO - Round 2: Global model parameters updated
2025-07-20 18:07:27,008 - flwr - INFO - configure_evaluate: strategy sampled 2 clients (out of 2)
2025-07-20 18:07:27,232 - flwr - INFO - aggregate_evaluate: received 2 results and 0 failures
2025-07-20 18:07:27,232 - Server - INFO - Round 2: Aggregating evaluation results from 2 clients
2025-07-20 18:07:27,232 - Server - INFO - Aggregated metrics: {'accuracy': 0.9366203703703704}
2025-07-20 18:07:27,233 - flwr - INFO - 
2025-07-20 18:07:27,233 - flwr - INFO - [ROUND 3]
2025-07-20 18:07:27,233 - flwr - INFO - configure_fit: strategy sampled 2 clients (out of 2)
2025-07-20 18:07:35,893 - flwr - INFO - aggregate_fit: received 2 results and 0 failures
2025-07-20 18:07:35,894 - Server - INFO - Round 3: Aggregating updates from 2 clients
2025-07-20 18:07:35,895 - Server - INFO - Round 3: Global model parameters updated
2025-07-20 18:07:35,895 - flwr - INFO - configure_evaluate: strategy sampled 2 clients (out of 2)
2025-07-20 18:07:36,120 - flwr - INFO - aggregate_evaluate: received 2 results and 0 failures
2025-07-20 18:07:36,120 - Server - INFO - Round 3: Aggregating evaluation results from 2 clients
2025-07-20 18:07:36,120 - Server - INFO - Aggregated metrics: {'accuracy': 0.9418518518518518}
2025-07-20 18:07:36,120 - flwr - INFO - 
2025-07-20 18:07:36,120 - flwr - INFO - [ROUND 4]
2025-07-20 18:07:36,120 - flwr - INFO - configure_fit: strategy sampled 2 clients (out of 2)
2025-07-20 18:07:45,140 - flwr - INFO - aggregate_fit: received 2 results and 0 failures
2025-07-20 18:07:45,140 - Server - INFO - Round 4: Aggregating updates from 2 clients
2025-07-20 18:07:45,141 - Server - INFO - Round 4: Global model parameters updated
2025-07-20 18:07:45,141 - flwr - INFO - configure_evaluate: strategy sampled 2 clients (out of 2)
2025-07-20 18:07:45,357 - flwr - INFO - aggregate_evaluate: received 2 results and 0 failures
2025-07-20 18:07:45,357 - Server - INFO - Round 4: Aggregating evaluation results from 2 clients
2025-07-20 18:07:45,358 - Server - INFO - Aggregated metrics: {'accuracy': 0.9459953703703704}
2025-07-20 18:07:45,358 - flwr - INFO - 
2025-07-20 18:07:45,358 - flwr - INFO - [SUMMARY]
2025-07-20 18:07:45,358 - flwr - INFO - Run finished 4 round(s) in 42.32s
2025-07-20 18:07:45,358 - flwr - INFO - 	History (loss, distributed):
2025-07-20 18:07:45,359 - flwr - INFO - 		round 1: 0.2432987093925476
2025-07-20 18:07:45,359 - flwr - INFO - 		round 2: 0.18586687743663788
2025-07-20 18:07:45,359 - flwr - INFO - 		round 3: 0.1747177466750145
2025-07-20 18:07:45,359 - flwr - INFO - 		round 4: 0.16793423891067505
2025-07-20 18:07:45,359 - flwr - INFO - 	History (metrics, distributed, evaluate):
2025-07-20 18:07:45,359 - flwr - INFO - 	{'accuracy': [(1, 0.8932638888888889),
2025-07-20 18:07:45,359 - flwr - INFO - 	              (2, 0.9366203703703704),
2025-07-20 18:07:45,359 - flwr - INFO - 	              (3, 0.9418518518518518),
2025-07-20 18:07:45,359 - flwr - INFO - 	              (4, 0.9459953703703704)]}
2025-07-20 18:07:45,360 - flwr - INFO - 
2025-07-20 18:07:45,402 - Server - INFO - Model saved to SavedGlobalModel/final_model.pth
2025-07-20 18:07:45,403 - Server - INFO - Final model saved to SavedGlobalModel/final_model.pth
2025-07-20 18:08:22,367 - Server - INFO - SaveModelStrategy initialized
2025-07-20 18:08:22,367 - Server - INFO - Starting federated learning server at 0.0.0.0:8080
2025-07-20 18:08:22,368 - Server - INFO - Configuration: 4 rounds, 2 minimum clients
2025-07-20 18:08:22,368 - Server - INFO - Model: NeuralNetwork with 17 inputs, 10 classes
2025-07-20 18:08:22,369 - flwr - INFO - Starting Flower server, config: num_rounds=4, no round_timeout
2025-07-20 18:08:22,394 - flwr - INFO - Flower ECE: gRPC server running (4 rounds), SSL is disabled
2025-07-20 18:08:22,394 - flwr - INFO - [INIT]
2025-07-20 18:08:22,394 - flwr - INFO - Using initial global parameters provided by strategy
2025-07-20 18:08:22,394 - flwr - INFO - Starting evaluation of initial global parameters
2025-07-20 18:08:22,394 - flwr - INFO - Evaluation returned no results (`None`)
2025-07-20 18:08:22,394 - flwr - INFO - 
2025-07-20 18:08:22,395 - flwr - INFO - [ROUND 1]
2025-07-20 18:08:29,153 - flwr - INFO - configure_fit: strategy sampled 2 clients (out of 2)
2025-07-20 18:08:35,611 - flwr - INFO - aggregate_fit: received 2 results and 0 failures
2025-07-20 18:08:35,611 - Server - INFO - Round 1: Aggregating updates from 2 clients
2025-07-20 18:08:35,612 - flwr - WARNING - No fit_metrics_aggregation_fn provided
2025-07-20 18:08:35,612 - Server - INFO - Round 1: Global model parameters updated
2025-07-20 18:08:35,615 - Server - INFO - Model saved to SavedGlobalModel/model_round_1.pth
2025-07-20 18:08:35,615 - Server - INFO - Round 1: Saved checkpoint to model_round_1.pth
2025-07-20 18:08:35,615 - flwr - INFO - configure_evaluate: strategy sampled 2 clients (out of 2)
2025-07-20 18:08:35,806 - flwr - INFO - aggregate_evaluate: received 2 results and 0 failures
2025-07-20 18:08:35,806 - Server - INFO - Round 1: Aggregating evaluation results from 2 clients
2025-07-20 18:08:35,806 - Server - INFO - Aggregated metrics: {'accuracy': 0.7499679487179487}
2025-07-20 18:08:35,806 - flwr - INFO - 
2025-07-20 18:08:35,806 - flwr - INFO - [ROUND 2]
2025-07-20 18:08:35,806 - flwr - INFO - configure_fit: strategy sampled 2 clients (out of 2)
2025-07-20 18:08:43,636 - flwr - INFO - aggregate_fit: received 2 results and 0 failures
2025-07-20 18:08:43,636 - Server - INFO - Round 2: Aggregating updates from 2 clients
2025-07-20 18:08:43,638 - Server - INFO - Round 2: Global model parameters updated
2025-07-20 18:08:43,638 - flwr - INFO - configure_evaluate: strategy sampled 2 clients (out of 2)
2025-07-20 18:08:43,804 - flwr - INFO - aggregate_evaluate: received 2 results and 0 failures
2025-07-20 18:08:43,804 - Server - INFO - Round 2: Aggregating evaluation results from 2 clients
2025-07-20 18:08:43,804 - Server - INFO - Aggregated metrics: {'accuracy': 0.8444230769230769}
2025-07-20 18:08:43,804 - flwr - INFO - 
2025-07-20 18:08:43,804 - flwr - INFO - [ROUND 3]
2025-07-20 18:08:43,804 - flwr - INFO - configure_fit: strategy sampled 2 clients (out of 2)
2025-07-20 18:08:51,883 - flwr - INFO - aggregate_fit: received 2 results and 0 failures
2025-07-20 18:08:51,883 - Server - INFO - Round 3: Aggregating updates from 2 clients
2025-07-20 18:08:51,884 - Server - INFO - Round 3: Global model parameters updated
2025-07-20 18:08:51,884 - flwr - INFO - configure_evaluate: strategy sampled 2 clients (out of 2)
2025-07-20 18:08:52,054 - flwr - INFO - aggregate_evaluate: received 2 results and 0 failures
2025-07-20 18:08:52,055 - Server - INFO - Round 3: Aggregating evaluation results from 2 clients
2025-07-20 18:08:52,055 - Server - INFO - Aggregated metrics: {'accuracy': 0.8368589743589744}
2025-07-20 18:08:52,055 - flwr - INFO - 
2025-07-20 18:08:52,055 - flwr - INFO - [ROUND 4]
2025-07-20 18:08:52,055 - flwr - INFO - configure_fit: strategy sampled 2 clients (out of 2)
2025-07-20 18:09:00,574 - flwr - INFO - aggregate_fit: received 2 results and 0 failures
2025-07-20 18:09:00,574 - Server - INFO - Round 4: Aggregating updates from 2 clients
2025-07-20 18:09:00,575 - Server - INFO - Round 4: Global model parameters updated
2025-07-20 18:09:00,575 - flwr - INFO - configure_evaluate: strategy sampled 2 clients (out of 2)
2025-07-20 18:09:00,756 - flwr - INFO - aggregate_evaluate: received 2 results and 0 failures
2025-07-20 18:09:00,756 - Server - INFO - Round 4: Aggregating evaluation results from 2 clients
2025-07-20 18:09:00,756 - Server - INFO - Aggregated metrics: {'accuracy': 0.8317628205128205}
2025-07-20 18:09:00,756 - flwr - INFO - 
2025-07-20 18:09:00,756 - flwr - INFO - [SUMMARY]
2025-07-20 18:09:00,756 - flwr - INFO - Run finished 4 round(s) in 38.36s
2025-07-20 18:09:00,757 - flwr - INFO - 	History (loss, distributed):
2025-07-20 18:09:00,757 - flwr - INFO - 		round 1: 1.030444704569303
2025-07-20 18:09:00,757 - flwr - INFO - 		round 2: 0.8156048838908856
2025-07-20 18:09:00,757 - flwr - INFO - 		round 3: 1.1827087608667521
2025-07-20 18:09:00,757 - flwr - INFO - 		round 4: 1.4354793383524969
2025-07-20 18:09:00,757 - flwr - INFO - 	History (metrics, distributed, evaluate):
2025-07-20 18:09:00,757 - flwr - INFO - 	{'accuracy': [(1, 0.7499679487179487),
2025-07-20 18:09:00,757 - flwr - INFO - 	              (2, 0.8444230769230769),
2025-07-20 18:09:00,757 - flwr - INFO - 	              (3, 0.8368589743589744),
2025-07-20 18:09:00,757 - flwr - INFO - 	              (4, 0.8317628205128205)]}
2025-07-20 18:09:00,757 - flwr - INFO - 
2025-07-20 18:09:00,790 - Server - INFO - Model saved to SavedGlobalModel/final_model.pth
2025-07-20 18:09:00,790 - Server - INFO - Final model saved to SavedGlobalModel/final_model.pth
2025-07-20 18:09:21,174 - Server - INFO - SaveModelStrategy initialized
2025-07-20 18:09:21,174 - Server - INFO - Starting federated learning server at 0.0.0.0:8080
2025-07-20 18:09:21,174 - Server - INFO - Configuration: 4 rounds, 2 minimum clients
2025-07-20 18:09:21,174 - Server - INFO - Model: NeuralNetwork with 17 inputs, 10 classes
2025-07-20 18:09:21,176 - flwr - INFO - Starting Flower server, config: num_rounds=4, no round_timeout
2025-07-20 18:09:21,200 - flwr - INFO - Flower ECE: gRPC server running (4 rounds), SSL is disabled
2025-07-20 18:09:21,200 - flwr - INFO - [INIT]
2025-07-20 18:09:21,200 - flwr - INFO - Using initial global parameters provided by strategy
2025-07-20 18:09:21,200 - flwr - INFO - Starting evaluation of initial global parameters
2025-07-20 18:09:21,200 - flwr - INFO - Evaluation returned no results (`None`)
2025-07-20 18:09:21,200 - flwr - INFO - 
2025-07-20 18:09:21,200 - flwr - INFO - [ROUND 1]
2025-07-20 18:09:36,579 - flwr - INFO - configure_fit: strategy sampled 2 clients (out of 2)
2025-07-20 18:09:44,323 - flwr - INFO - aggregate_fit: received 2 results and 0 failures
2025-07-20 18:09:44,323 - Server - INFO - Round 1: Aggregating updates from 2 clients
2025-07-20 18:09:44,325 - flwr - WARNING - No fit_metrics_aggregation_fn provided
2025-07-20 18:09:44,325 - Server - INFO - Round 1: Global model parameters updated
2025-07-20 18:09:44,328 - Server - INFO - Model saved to SavedGlobalModel/model_round_1.pth
2025-07-20 18:09:44,328 - Server - INFO - Round 1: Saved checkpoint to model_round_1.pth
2025-07-20 18:09:44,328 - flwr - INFO - configure_evaluate: strategy sampled 2 clients (out of 2)
2025-07-20 18:09:44,549 - flwr - INFO - aggregate_evaluate: received 2 results and 0 failures
2025-07-20 18:09:44,549 - Server - INFO - Round 1: Aggregating evaluation results from 2 clients
2025-07-20 18:09:44,549 - Server - INFO - Aggregated metrics: {'accuracy': 0.7962268518518518}
2025-07-20 18:09:44,549 - flwr - INFO - 
2025-07-20 18:09:44,549 - flwr - INFO - [ROUND 2]
2025-07-20 18:09:44,550 - flwr - INFO - configure_fit: strategy sampled 2 clients (out of 2)
2025-07-20 18:09:53,351 - flwr - INFO - aggregate_fit: received 2 results and 0 failures
2025-07-20 18:09:53,352 - Server - INFO - Round 2: Aggregating updates from 2 clients
2025-07-20 18:09:53,353 - Server - INFO - Round 2: Global model parameters updated
2025-07-20 18:09:53,354 - flwr - INFO - configure_evaluate: strategy sampled 2 clients (out of 2)
2025-07-20 18:09:53,566 - flwr - INFO - aggregate_evaluate: received 2 results and 0 failures
2025-07-20 18:09:53,566 - Server - INFO - Round 2: Aggregating evaluation results from 2 clients
2025-07-20 18:09:53,566 - Server - INFO - Aggregated metrics: {'accuracy': 0.7975}
2025-07-20 18:09:53,566 - flwr - INFO - 
2025-07-20 18:09:53,567 - flwr - INFO - [ROUND 3]
2025-07-20 18:09:53,567 - flwr - INFO - configure_fit: strategy sampled 2 clients (out of 2)
2025-07-20 18:10:03,816 - flwr - INFO - aggregate_fit: received 2 results and 0 failures
2025-07-20 18:10:03,816 - Server - INFO - Round 3: Aggregating updates from 2 clients
2025-07-20 18:10:03,818 - Server - INFO - Round 3: Global model parameters updated
2025-07-20 18:10:03,818 - flwr - INFO - configure_evaluate: strategy sampled 2 clients (out of 2)
2025-07-20 18:10:04,031 - flwr - INFO - aggregate_evaluate: received 2 results and 0 failures
2025-07-20 18:10:04,031 - Server - INFO - Round 3: Aggregating evaluation results from 2 clients
2025-07-20 18:10:04,031 - Server - INFO - Aggregated metrics: {'accuracy': 0.8122453703703704}
2025-07-20 18:10:04,031 - flwr - INFO - 
2025-07-20 18:10:04,032 - flwr - INFO - [ROUND 4]
2025-07-20 18:10:04,032 - flwr - INFO - configure_fit: strategy sampled 2 clients (out of 2)
2025-07-20 18:10:27,586 - Server - INFO - SaveModelStrategy initialized
2025-07-20 18:10:27,586 - Server - INFO - Starting federated learning server at 0.0.0.0:8080
2025-07-20 18:10:27,586 - Server - INFO - Configuration: 4 rounds, 2 minimum clients
2025-07-20 18:10:27,586 - Server - INFO - Model: NeuralNetwork with 17 inputs, 10 classes
2025-07-20 18:10:27,587 - flwr - INFO - Starting Flower server, config: num_rounds=4, no round_timeout
2025-07-20 18:10:27,614 - flwr - INFO - Flower ECE: gRPC server running (4 rounds), SSL is disabled
2025-07-20 18:10:27,614 - flwr - INFO - [INIT]
2025-07-20 18:10:27,614 - flwr - INFO - Using initial global parameters provided by strategy
2025-07-20 18:10:27,614 - flwr - INFO - Starting evaluation of initial global parameters
2025-07-20 18:10:27,614 - flwr - INFO - Evaluation returned no results (`None`)
2025-07-20 18:10:27,614 - flwr - INFO - 
2025-07-20 18:10:27,614 - flwr - INFO - [ROUND 1]
2025-07-20 18:10:34,966 - flwr - INFO - configure_fit: strategy sampled 2 clients (out of 2)
2025-07-20 18:10:43,154 - flwr - INFO - aggregate_fit: received 2 results and 0 failures
2025-07-20 18:10:43,154 - Server - INFO - Round 1: Aggregating updates from 2 clients
2025-07-20 18:10:43,156 - flwr - WARNING - No fit_metrics_aggregation_fn provided
2025-07-20 18:10:43,156 - Server - INFO - Round 1: Global model parameters updated
2025-07-20 18:10:43,159 - Server - INFO - Model saved to SavedGlobalModel/model_round_1.pth
2025-07-20 18:10:43,159 - Server - INFO - Round 1: Saved checkpoint to model_round_1.pth
2025-07-20 18:10:43,159 - flwr - INFO - configure_evaluate: strategy sampled 2 clients (out of 2)
2025-07-20 18:10:43,362 - flwr - INFO - aggregate_evaluate: received 2 results and 0 failures
2025-07-20 18:10:43,362 - Server - INFO - Round 1: Aggregating evaluation results from 2 clients
2025-07-20 18:10:43,362 - Server - INFO - Aggregated metrics: {'accuracy': 0.791712962962963}
2025-07-20 18:10:43,362 - flwr - INFO - 
2025-07-20 18:10:43,362 - flwr - INFO - [ROUND 2]
2025-07-20 18:10:43,362 - flwr - INFO - configure_fit: strategy sampled 2 clients (out of 2)
2025-07-20 18:10:52,445 - flwr - INFO - aggregate_fit: received 2 results and 0 failures
2025-07-20 18:10:52,445 - Server - INFO - Round 2: Aggregating updates from 2 clients
2025-07-20 18:10:52,447 - Server - INFO - Round 2: Global model parameters updated
2025-07-20 18:10:52,447 - flwr - INFO - configure_evaluate: strategy sampled 2 clients (out of 2)
2025-07-20 18:10:52,663 - flwr - INFO - aggregate_evaluate: received 2 results and 0 failures
2025-07-20 18:10:52,663 - Server - INFO - Round 2: Aggregating evaluation results from 2 clients
2025-07-20 18:10:52,664 - Server - INFO - Aggregated metrics: {'accuracy': 0.8189120370370371}
2025-07-20 18:10:52,664 - flwr - INFO - 
2025-07-20 18:10:52,664 - flwr - INFO - [ROUND 3]
2025-07-20 18:10:52,664 - flwr - INFO - configure_fit: strategy sampled 2 clients (out of 2)
2025-07-20 18:11:17,689 - Server - INFO - SaveModelStrategy initialized
2025-07-20 18:11:17,689 - Server - INFO - Starting federated learning server at 0.0.0.0:8080
2025-07-20 18:11:17,689 - Server - INFO - Configuration: 4 rounds, 2 minimum clients
2025-07-20 18:11:17,689 - Server - INFO - Model: NeuralNetwork with 17 inputs, 10 classes
2025-07-20 18:11:17,690 - flwr - INFO - Starting Flower server, config: num_rounds=4, no round_timeout
2025-07-20 18:11:17,714 - flwr - INFO - Flower ECE: gRPC server running (4 rounds), SSL is disabled
2025-07-20 18:11:17,715 - flwr - INFO - [INIT]
2025-07-20 18:11:17,715 - flwr - INFO - Using initial global parameters provided by strategy
2025-07-20 18:11:17,715 - flwr - INFO - Starting evaluation of initial global parameters
2025-07-20 18:11:17,715 - flwr - INFO - Evaluation returned no results (`None`)
2025-07-20 18:11:17,715 - flwr - INFO - 
2025-07-20 18:11:17,715 - flwr - INFO - [ROUND 1]
2025-07-20 18:11:27,225 - flwr - INFO - configure_fit: strategy sampled 2 clients (out of 2)
2025-07-20 18:11:36,115 - flwr - INFO - aggregate_fit: received 2 results and 0 failures
2025-07-20 18:11:36,115 - Server - INFO - Round 1: Aggregating updates from 2 clients
2025-07-20 18:11:36,117 - flwr - WARNING - No fit_metrics_aggregation_fn provided
2025-07-20 18:11:36,117 - Server - INFO - Round 1: Global model parameters updated
2025-07-20 18:11:36,120 - Server - INFO - Model saved to SavedGlobalModel/model_round_1.pth
2025-07-20 18:11:36,120 - Server - INFO - Round 1: Saved checkpoint to model_round_1.pth
2025-07-20 18:11:36,120 - flwr - INFO - configure_evaluate: strategy sampled 2 clients (out of 2)
2025-07-20 18:11:36,338 - flwr - INFO - aggregate_evaluate: received 2 results and 0 failures
2025-07-20 18:11:36,339 - Server - INFO - Round 1: Aggregating evaluation results from 2 clients
2025-07-20 18:11:36,339 - Server - INFO - Aggregated metrics: {'accuracy': 0.8990277777777778}
2025-07-20 18:11:36,339 - flwr - INFO - 
2025-07-20 18:11:36,339 - flwr - INFO - [ROUND 2]
2025-07-20 18:11:36,339 - flwr - INFO - configure_fit: strategy sampled 2 clients (out of 2)
2025-07-20 18:11:45,823 - flwr - INFO - aggregate_fit: received 2 results and 0 failures
2025-07-20 18:11:45,824 - Server - INFO - Round 2: Aggregating updates from 2 clients
2025-07-20 18:11:45,825 - Server - INFO - Round 2: Global model parameters updated
2025-07-20 18:11:45,825 - flwr - INFO - configure_evaluate: strategy sampled 2 clients (out of 2)
2025-07-20 18:11:46,057 - flwr - INFO - aggregate_evaluate: received 2 results and 0 failures
2025-07-20 18:11:46,057 - Server - INFO - Round 2: Aggregating evaluation results from 2 clients
2025-07-20 18:11:46,057 - Server - INFO - Aggregated metrics: {'accuracy': 0.9475231481481482}
2025-07-20 18:11:46,058 - flwr - INFO - 
2025-07-20 18:11:46,058 - flwr - INFO - [ROUND 3]
2025-07-20 18:11:46,058 - flwr - INFO - configure_fit: strategy sampled 2 clients (out of 2)
2025-07-20 18:11:55,474 - flwr - INFO - aggregate_fit: received 2 results and 0 failures
2025-07-20 18:11:55,475 - Server - INFO - Round 3: Aggregating updates from 2 clients
2025-07-20 18:11:55,477 - Server - INFO - Round 3: Global model parameters updated
2025-07-20 18:11:55,477 - flwr - INFO - configure_evaluate: strategy sampled 2 clients (out of 2)
2025-07-20 18:11:55,694 - flwr - INFO - aggregate_evaluate: received 2 results and 0 failures
2025-07-20 18:11:55,694 - Server - INFO - Round 3: Aggregating evaluation results from 2 clients
2025-07-20 18:11:55,695 - Server - INFO - Aggregated metrics: {'accuracy': 0.9472916666666666}
2025-07-20 18:11:55,695 - flwr - INFO - 
2025-07-20 18:11:55,695 - flwr - INFO - [ROUND 4]
2025-07-20 18:11:55,695 - flwr - INFO - configure_fit: strategy sampled 2 clients (out of 2)
2025-07-20 18:12:04,900 - flwr - INFO - aggregate_fit: received 2 results and 0 failures
2025-07-20 18:12:04,901 - Server - INFO - Round 4: Aggregating updates from 2 clients
2025-07-20 18:12:04,902 - Server - INFO - Round 4: Global model parameters updated
2025-07-20 18:12:04,902 - flwr - INFO - configure_evaluate: strategy sampled 2 clients (out of 2)
2025-07-20 18:12:05,148 - flwr - INFO - aggregate_evaluate: received 2 results and 0 failures
2025-07-20 18:12:05,149 - Server - INFO - Round 4: Aggregating evaluation results from 2 clients
2025-07-20 18:12:05,149 - Server - INFO - Aggregated metrics: {'accuracy': 0.9482407407407407}
2025-07-20 18:12:05,149 - flwr - INFO - 
2025-07-20 18:12:05,149 - flwr - INFO - [SUMMARY]
2025-07-20 18:12:05,149 - flwr - INFO - Run finished 4 round(s) in 47.43s
2025-07-20 18:12:05,150 - flwr - INFO - 	History (loss, distributed):
2025-07-20 18:12:05,150 - flwr - INFO - 		round 1: 0.23230163753032684
2025-07-20 18:12:05,150 - flwr - INFO - 		round 2: 0.17336952686309814
2025-07-20 18:12:05,150 - flwr - INFO - 		round 3: 0.1430666595697403
2025-07-20 18:12:05,150 - flwr - INFO - 		round 4: 0.14198704808950424
2025-07-20 18:12:05,150 - flwr - INFO - 	History (metrics, distributed, evaluate):
2025-07-20 18:12:05,150 - flwr - INFO - 	{'accuracy': [(1, 0.8990277777777778),
2025-07-20 18:12:05,150 - flwr - INFO - 	              (2, 0.9475231481481482),
2025-07-20 18:12:05,150 - flwr - INFO - 	              (3, 0.9472916666666666),
2025-07-20 18:12:05,150 - flwr - INFO - 	              (4, 0.9482407407407407)]}
2025-07-20 18:12:05,150 - flwr - INFO - 
2025-07-20 18:12:05,189 - Server - INFO - Model saved to SavedGlobalModel/final_model.pth
2025-07-20 18:12:05,189 - Server - INFO - Final model saved to SavedGlobalModel/final_model.pth
2025-07-20 18:12:23,816 - Server - INFO - SaveModelStrategy initialized
2025-07-20 18:12:23,816 - Server - INFO - Starting federated learning server at 0.0.0.0:8080
2025-07-20 18:12:23,816 - Server - INFO - Configuration: 6 rounds, 2 minimum clients
2025-07-20 18:12:23,816 - Server - INFO - Model: NeuralNetwork with 17 inputs, 10 classes
2025-07-20 18:12:23,817 - flwr - INFO - Starting Flower server, config: num_rounds=6, no round_timeout
2025-07-20 18:12:23,846 - flwr - INFO - Flower ECE: gRPC server running (6 rounds), SSL is disabled
2025-07-20 18:12:23,846 - flwr - INFO - [INIT]
2025-07-20 18:12:23,847 - flwr - INFO - Using initial global parameters provided by strategy
2025-07-20 18:12:23,847 - flwr - INFO - Starting evaluation of initial global parameters
2025-07-20 18:12:23,847 - flwr - INFO - Evaluation returned no results (`None`)
2025-07-20 18:12:23,847 - flwr - INFO - 
2025-07-20 18:12:23,847 - flwr - INFO - [ROUND 1]
2025-07-20 18:12:31,779 - flwr - INFO - configure_fit: strategy sampled 2 clients (out of 2)
2025-07-20 18:12:40,740 - flwr - INFO - aggregate_fit: received 2 results and 0 failures
2025-07-20 18:12:40,740 - Server - INFO - Round 1: Aggregating updates from 2 clients
2025-07-20 18:12:40,742 - flwr - WARNING - No fit_metrics_aggregation_fn provided
2025-07-20 18:12:40,742 - Server - INFO - Round 1: Global model parameters updated
2025-07-20 18:12:40,744 - Server - INFO - Model saved to SavedGlobalModel/model_round_1.pth
2025-07-20 18:12:40,744 - Server - INFO - Round 1: Saved checkpoint to model_round_1.pth
2025-07-20 18:12:40,744 - flwr - INFO - configure_evaluate: strategy sampled 2 clients (out of 2)
2025-07-20 18:12:41,000 - flwr - INFO - aggregate_evaluate: received 2 results and 0 failures
2025-07-20 18:12:41,000 - Server - INFO - Round 1: Aggregating evaluation results from 2 clients
2025-07-20 18:12:41,001 - Server - INFO - Aggregated metrics: {'accuracy': 0.8965509259259259}
2025-07-20 18:12:41,001 - flwr - INFO - 
2025-07-20 18:12:41,001 - flwr - INFO - [ROUND 2]
2025-07-20 18:12:41,001 - flwr - INFO - configure_fit: strategy sampled 2 clients (out of 2)
2025-07-20 18:12:50,113 - flwr - INFO - aggregate_fit: received 2 results and 0 failures
2025-07-20 18:12:50,114 - Server - INFO - Round 2: Aggregating updates from 2 clients
2025-07-20 18:12:50,115 - Server - INFO - Round 2: Global model parameters updated
2025-07-20 18:12:50,115 - flwr - INFO - configure_evaluate: strategy sampled 2 clients (out of 2)
2025-07-20 18:12:50,341 - flwr - INFO - aggregate_evaluate: received 2 results and 0 failures
2025-07-20 18:12:50,341 - Server - INFO - Round 2: Aggregating evaluation results from 2 clients
2025-07-20 18:12:50,342 - Server - INFO - Aggregated metrics: {'accuracy': 0.9449537037037037}
2025-07-20 18:12:50,342 - flwr - INFO - 
2025-07-20 18:12:50,342 - flwr - INFO - [ROUND 3]
2025-07-20 18:12:50,342 - flwr - INFO - configure_fit: strategy sampled 2 clients (out of 2)
2025-07-20 18:12:59,585 - flwr - INFO - aggregate_fit: received 2 results and 0 failures
2025-07-20 18:12:59,586 - Server - INFO - Round 3: Aggregating updates from 2 clients
2025-07-20 18:12:59,587 - Server - INFO - Round 3: Global model parameters updated
2025-07-20 18:12:59,587 - flwr - INFO - configure_evaluate: strategy sampled 2 clients (out of 2)
2025-07-20 18:12:59,853 - flwr - INFO - aggregate_evaluate: received 2 results and 0 failures
2025-07-20 18:12:59,854 - Server - INFO - Round 3: Aggregating evaluation results from 2 clients
2025-07-20 18:12:59,854 - Server - INFO - Aggregated metrics: {'accuracy': 0.948587962962963}
2025-07-20 18:12:59,854 - flwr - INFO - 
2025-07-20 18:12:59,854 - flwr - INFO - [ROUND 4]
2025-07-20 18:12:59,854 - flwr - INFO - configure_fit: strategy sampled 2 clients (out of 2)
2025-07-20 18:13:09,087 - flwr - INFO - aggregate_fit: received 2 results and 0 failures
2025-07-20 18:13:09,087 - Server - INFO - Round 4: Aggregating updates from 2 clients
2025-07-20 18:13:09,088 - Server - INFO - Round 4: Global model parameters updated
2025-07-20 18:13:09,088 - flwr - INFO - configure_evaluate: strategy sampled 2 clients (out of 2)
2025-07-20 18:13:09,324 - flwr - INFO - aggregate_evaluate: received 2 results and 0 failures
2025-07-20 18:13:09,324 - Server - INFO - Round 4: Aggregating evaluation results from 2 clients
2025-07-20 18:13:09,324 - Server - INFO - Aggregated metrics: {'accuracy': 0.9443981481481482}
2025-07-20 18:13:09,324 - flwr - INFO - 
2025-07-20 18:13:09,324 - flwr - INFO - [ROUND 5]
2025-07-20 18:13:09,324 - flwr - INFO - configure_fit: strategy sampled 2 clients (out of 2)
2025-07-20 18:13:18,902 - flwr - INFO - aggregate_fit: received 2 results and 0 failures
2025-07-20 18:13:18,902 - Server - INFO - Round 5: Aggregating updates from 2 clients
2025-07-20 18:13:18,903 - Server - INFO - Round 5: Global model parameters updated
2025-07-20 18:13:18,907 - Server - INFO - Model saved to SavedGlobalModel/model_round_5.pth
2025-07-20 18:13:18,907 - Server - INFO - Round 5: Saved checkpoint to model_round_5.pth
2025-07-20 18:13:18,907 - flwr - INFO - configure_evaluate: strategy sampled 2 clients (out of 2)
2025-07-20 18:13:19,132 - flwr - INFO - aggregate_evaluate: received 2 results and 0 failures
2025-07-20 18:13:19,132 - Server - INFO - Round 5: Aggregating evaluation results from 2 clients
2025-07-20 18:13:19,132 - Server - INFO - Aggregated metrics: {'accuracy': 0.9421990740740741}
2025-07-20 18:13:19,133 - flwr - INFO - 
2025-07-20 18:13:19,133 - flwr - INFO - [ROUND 6]
2025-07-20 18:13:19,133 - flwr - INFO - configure_fit: strategy sampled 2 clients (out of 2)
2025-07-20 18:13:30,447 - flwr - INFO - aggregate_fit: received 2 results and 0 failures
2025-07-20 18:13:30,447 - Server - INFO - Round 6: Aggregating updates from 2 clients
2025-07-20 18:13:30,448 - Server - INFO - Round 6: Global model parameters updated
2025-07-20 18:13:30,450 - flwr - INFO - configure_evaluate: strategy sampled 2 clients (out of 2)
2025-07-20 18:13:30,675 - flwr - INFO - aggregate_evaluate: received 2 results and 0 failures
2025-07-20 18:13:30,675 - Server - INFO - Round 6: Aggregating evaluation results from 2 clients
2025-07-20 18:13:30,676 - Server - INFO - Aggregated metrics: {'accuracy': 0.94625}
2025-07-20 18:13:30,676 - flwr - INFO - 
2025-07-20 18:13:30,676 - flwr - INFO - [SUMMARY]
2025-07-20 18:13:30,676 - flwr - INFO - Run finished 6 round(s) in 66.83s
2025-07-20 18:13:30,676 - flwr - INFO - 	History (loss, distributed):
2025-07-20 18:13:30,676 - flwr - INFO - 		round 1: 0.24156779050827026
2025-07-20 18:13:30,676 - flwr - INFO - 		round 2: 0.16829612106084824
2025-07-20 18:13:30,677 - flwr - INFO - 		round 3: 0.13918060064315796
2025-07-20 18:13:30,677 - flwr - INFO - 		round 4: 0.14366775006055832
2025-07-20 18:13:30,677 - flwr - INFO - 		round 5: 0.148989025503397
2025-07-20 18:13:30,677 - flwr - INFO - 		round 6: 0.14755349606275558
2025-07-20 18:13:30,677 - flwr - INFO - 	History (metrics, distributed, evaluate):
2025-07-20 18:13:30,677 - flwr - INFO - 	{'accuracy': [(1, 0.8965509259259259),
2025-07-20 18:13:30,677 - flwr - INFO - 	              (2, 0.9449537037037037),
2025-07-20 18:13:30,677 - flwr - INFO - 	              (3, 0.948587962962963),
2025-07-20 18:13:30,677 - flwr - INFO - 	              (4, 0.9443981481481482),
2025-07-20 18:13:30,677 - flwr - INFO - 	              (5, 0.9421990740740741),
2025-07-20 18:13:30,677 - flwr - INFO - 	              (6, 0.94625)]}
2025-07-20 18:13:30,677 - flwr - INFO - 
2025-07-20 18:13:30,720 - Server - INFO - Model saved to SavedGlobalModel/final_model.pth
2025-07-20 18:13:30,722 - Server - INFO - Final model saved to SavedGlobalModel/final_model.pth
2025-07-20 18:13:45,861 - Server - INFO - SaveModelStrategy initialized
2025-07-20 18:13:45,861 - Server - INFO - Starting federated learning server at 0.0.0.0:8080
2025-07-20 18:13:45,861 - Server - INFO - Configuration: 5 rounds, 2 minimum clients
2025-07-20 18:13:45,861 - Server - INFO - Model: NeuralNetwork with 17 inputs, 10 classes
2025-07-20 18:13:45,862 - flwr - INFO - Starting Flower server, config: num_rounds=5, no round_timeout
2025-07-20 18:13:45,890 - flwr - INFO - Flower ECE: gRPC server running (5 rounds), SSL is disabled
2025-07-20 18:13:45,890 - flwr - INFO - [INIT]
2025-07-20 18:13:45,890 - flwr - INFO - Using initial global parameters provided by strategy
2025-07-20 18:13:45,890 - flwr - INFO - Starting evaluation of initial global parameters
2025-07-20 18:13:45,890 - flwr - INFO - Evaluation returned no results (`None`)
2025-07-20 18:13:45,890 - flwr - INFO - 
2025-07-20 18:13:45,891 - flwr - INFO - [ROUND 1]
2025-07-20 18:13:54,062 - flwr - INFO - configure_fit: strategy sampled 2 clients (out of 2)
2025-07-20 18:14:04,252 - flwr - INFO - aggregate_fit: received 2 results and 0 failures
2025-07-20 18:14:04,252 - Server - INFO - Round 1: Aggregating updates from 2 clients
2025-07-20 18:14:04,254 - flwr - WARNING - No fit_metrics_aggregation_fn provided
2025-07-20 18:14:04,254 - Server - INFO - Round 1: Global model parameters updated
2025-07-20 18:14:04,257 - Server - INFO - Model saved to SavedGlobalModel/model_round_1.pth
2025-07-20 18:14:04,257 - Server - INFO - Round 1: Saved checkpoint to model_round_1.pth
2025-07-20 18:14:04,257 - flwr - INFO - configure_evaluate: strategy sampled 2 clients (out of 2)
2025-07-20 18:14:04,539 - flwr - INFO - aggregate_evaluate: received 2 results and 0 failures
2025-07-20 18:14:04,539 - Server - INFO - Round 1: Aggregating evaluation results from 2 clients
2025-07-20 18:14:04,539 - Server - INFO - Aggregated metrics: {'accuracy': 0.9102546296296297}
2025-07-20 18:14:04,539 - flwr - INFO - 
2025-07-20 18:14:04,539 - flwr - INFO - [ROUND 2]
2025-07-20 18:14:04,540 - flwr - INFO - configure_fit: strategy sampled 2 clients (out of 2)
2025-07-20 18:14:13,789 - flwr - INFO - aggregate_fit: received 2 results and 0 failures
2025-07-20 18:14:13,789 - Server - INFO - Round 2: Aggregating updates from 2 clients
2025-07-20 18:14:13,790 - Server - INFO - Round 2: Global model parameters updated
2025-07-20 18:14:13,790 - flwr - INFO - configure_evaluate: strategy sampled 2 clients (out of 2)
2025-07-20 18:14:14,006 - flwr - INFO - aggregate_evaluate: received 2 results and 0 failures
2025-07-20 18:14:14,006 - Server - INFO - Round 2: Aggregating evaluation results from 2 clients
2025-07-20 18:14:14,006 - Server - INFO - Aggregated metrics: {'accuracy': 0.9537962962962963}
2025-07-20 18:14:14,006 - flwr - INFO - 
2025-07-20 18:14:14,007 - flwr - INFO - [ROUND 3]
2025-07-20 18:14:14,007 - flwr - INFO - configure_fit: strategy sampled 2 clients (out of 2)
2025-07-20 18:14:22,745 - flwr - INFO - aggregate_fit: received 2 results and 0 failures
2025-07-20 18:14:22,746 - Server - INFO - Round 3: Aggregating updates from 2 clients
2025-07-20 18:14:22,747 - Server - INFO - Round 3: Global model parameters updated
2025-07-20 18:14:22,747 - flwr - INFO - configure_evaluate: strategy sampled 2 clients (out of 2)
2025-07-20 18:14:22,957 - flwr - INFO - aggregate_evaluate: received 2 results and 0 failures
2025-07-20 18:14:22,957 - Server - INFO - Round 3: Aggregating evaluation results from 2 clients
2025-07-20 18:14:22,958 - Server - INFO - Aggregated metrics: {'accuracy': 0.9417824074074074}
2025-07-20 18:14:22,958 - flwr - INFO - 
2025-07-20 18:14:22,958 - flwr - INFO - [ROUND 4]
2025-07-20 18:14:22,958 - flwr - INFO - configure_fit: strategy sampled 2 clients (out of 2)
2025-07-20 18:14:32,805 - flwr - INFO - aggregate_fit: received 2 results and 0 failures
2025-07-20 18:14:32,805 - Server - INFO - Round 4: Aggregating updates from 2 clients
2025-07-20 18:14:32,806 - Server - INFO - Round 4: Global model parameters updated
2025-07-20 18:14:32,806 - flwr - INFO - configure_evaluate: strategy sampled 2 clients (out of 2)
2025-07-20 18:14:33,024 - flwr - INFO - aggregate_evaluate: received 2 results and 0 failures
2025-07-20 18:14:33,024 - Server - INFO - Round 4: Aggregating evaluation results from 2 clients
2025-07-20 18:14:33,025 - Server - INFO - Aggregated metrics: {'accuracy': 0.9493518518518519}
2025-07-20 18:14:33,025 - flwr - INFO - 
2025-07-20 18:14:33,025 - flwr - INFO - [ROUND 5]
2025-07-20 18:14:33,026 - flwr - INFO - configure_fit: strategy sampled 2 clients (out of 2)
2025-07-20 18:14:42,532 - flwr - INFO - aggregate_fit: received 2 results and 0 failures
2025-07-20 18:14:42,532 - Server - INFO - Round 5: Aggregating updates from 2 clients
2025-07-20 18:14:42,534 - Server - INFO - Round 5: Global model parameters updated
2025-07-20 18:14:42,537 - Server - INFO - Model saved to SavedGlobalModel/model_round_5.pth
2025-07-20 18:14:42,537 - Server - INFO - Round 5: Saved checkpoint to model_round_5.pth
2025-07-20 18:14:42,537 - flwr - INFO - configure_evaluate: strategy sampled 2 clients (out of 2)
2025-07-20 18:14:42,773 - flwr - INFO - aggregate_evaluate: received 2 results and 0 failures
2025-07-20 18:14:42,773 - Server - INFO - Round 5: Aggregating evaluation results from 2 clients
2025-07-20 18:14:42,773 - Server - INFO - Aggregated metrics: {'accuracy': 0.9434259259259259}
2025-07-20 18:14:42,774 - flwr - INFO - 
2025-07-20 18:14:42,774 - flwr - INFO - [SUMMARY]
2025-07-20 18:14:42,774 - flwr - INFO - Run finished 5 round(s) in 56.88s
2025-07-20 18:14:42,774 - flwr - INFO - 	History (loss, distributed):
2025-07-20 18:14:42,774 - flwr - INFO - 		round 1: 0.20879679918289185
2025-07-20 18:14:42,774 - flwr - INFO - 		round 2: 0.1552213616669178
2025-07-20 18:14:42,774 - flwr - INFO - 		round 3: 0.16254277527332306
2025-07-20 18:14:42,774 - flwr - INFO - 		round 4: 0.1495310291647911
2025-07-20 18:14:42,774 - flwr - INFO - 		round 5: 0.13959743082523346
2025-07-20 18:14:42,774 - flwr - INFO - 	History (metrics, distributed, evaluate):
2025-07-20 18:14:42,774 - flwr - INFO - 	{'accuracy': [(1, 0.9102546296296297),
2025-07-20 18:14:42,775 - flwr - INFO - 	              (2, 0.9537962962962963),
2025-07-20 18:14:42,775 - flwr - INFO - 	              (3, 0.9417824074074074),
2025-07-20 18:14:42,775 - flwr - INFO - 	              (4, 0.9493518518518519),
2025-07-20 18:14:42,775 - flwr - INFO - 	              (5, 0.9434259259259259)]}
2025-07-20 18:14:42,775 - flwr - INFO - 
2025-07-20 18:14:42,818 - Server - INFO - Model saved to SavedGlobalModel/final_model.pth
2025-07-20 18:14:42,819 - Server - INFO - Final model saved to SavedGlobalModel/final_model.pth
2025-07-20 18:15:08,735 - Server - INFO - SaveModelStrategy initialized
2025-07-20 18:15:08,736 - Server - INFO - Starting federated learning server at 0.0.0.0:8080
2025-07-20 18:15:08,736 - Server - INFO - Configuration: 4 rounds, 2 minimum clients
2025-07-20 18:15:08,736 - Server - INFO - Model: NeuralNetwork with 17 inputs, 10 classes
2025-07-20 18:15:08,736 - flwr - INFO - Starting Flower server, config: num_rounds=4, no round_timeout
2025-07-20 18:15:08,745 - flwr - INFO - Flower ECE: gRPC server running (4 rounds), SSL is disabled
2025-07-20 18:15:08,746 - flwr - INFO - [INIT]
2025-07-20 18:15:08,746 - flwr - INFO - Using initial global parameters provided by strategy
2025-07-20 18:15:08,746 - flwr - INFO - Starting evaluation of initial global parameters
2025-07-20 18:15:08,746 - flwr - INFO - Evaluation returned no results (`None`)
2025-07-20 18:15:08,746 - flwr - INFO - 
2025-07-20 18:15:08,746 - flwr - INFO - [ROUND 1]
2025-07-20 18:15:20,311 - flwr - INFO - configure_fit: strategy sampled 2 clients (out of 2)
2025-07-20 18:15:29,466 - flwr - INFO - aggregate_fit: received 2 results and 0 failures
2025-07-20 18:15:29,466 - Server - INFO - Round 1: Aggregating updates from 2 clients
2025-07-20 18:15:29,468 - flwr - WARNING - No fit_metrics_aggregation_fn provided
2025-07-20 18:15:29,468 - Server - INFO - Round 1: Global model parameters updated
2025-07-20 18:15:29,471 - Server - INFO - Model saved to SavedGlobalModel/model_round_1.pth
2025-07-20 18:15:29,471 - Server - INFO - Round 1: Saved checkpoint to model_round_1.pth
2025-07-20 18:15:29,471 - flwr - INFO - configure_evaluate: strategy sampled 2 clients (out of 2)
2025-07-20 18:15:29,714 - flwr - INFO - aggregate_evaluate: received 2 results and 0 failures
2025-07-20 18:15:29,714 - Server - INFO - Round 1: Aggregating evaluation results from 2 clients
2025-07-20 18:15:29,715 - Server - INFO - Aggregated metrics: {'accuracy': 0.8997453703703704}
2025-07-20 18:15:29,715 - flwr - INFO - 
2025-07-20 18:15:29,715 - flwr - INFO - [ROUND 2]
2025-07-20 18:15:29,715 - flwr - INFO - configure_fit: strategy sampled 2 clients (out of 2)
2025-07-20 18:15:38,589 - flwr - INFO - aggregate_fit: received 2 results and 0 failures
2025-07-20 18:15:38,589 - Server - INFO - Round 2: Aggregating updates from 2 clients
2025-07-20 18:15:38,590 - Server - INFO - Round 2: Global model parameters updated
2025-07-20 18:15:38,590 - flwr - INFO - configure_evaluate: strategy sampled 2 clients (out of 2)
2025-07-20 18:15:38,845 - flwr - INFO - aggregate_evaluate: received 2 results and 0 failures
2025-07-20 18:15:38,846 - Server - INFO - Round 2: Aggregating evaluation results from 2 clients
2025-07-20 18:15:38,846 - Server - INFO - Aggregated metrics: {'accuracy': 0.9468287037037038}
2025-07-20 18:15:38,846 - flwr - INFO - 
2025-07-20 18:15:38,846 - flwr - INFO - [ROUND 3]
2025-07-20 18:15:38,847 - flwr - INFO - configure_fit: strategy sampled 2 clients (out of 2)
2025-07-20 18:15:48,245 - flwr - INFO - aggregate_fit: received 2 results and 0 failures
2025-07-20 18:15:48,245 - Server - INFO - Round 3: Aggregating updates from 2 clients
2025-07-20 18:15:48,246 - Server - INFO - Round 3: Global model parameters updated
2025-07-20 18:15:48,246 - flwr - INFO - configure_evaluate: strategy sampled 2 clients (out of 2)
2025-07-20 18:15:48,467 - flwr - INFO - aggregate_evaluate: received 2 results and 0 failures
2025-07-20 18:15:48,467 - Server - INFO - Round 3: Aggregating evaluation results from 2 clients
2025-07-20 18:15:48,468 - Server - INFO - Aggregated metrics: {'accuracy': 0.9487268518518519}
2025-07-20 18:15:48,468 - flwr - INFO - 
2025-07-20 18:15:48,468 - flwr - INFO - [ROUND 4]
2025-07-20 18:15:48,468 - flwr - INFO - configure_fit: strategy sampled 2 clients (out of 2)
2025-07-20 18:15:58,118 - flwr - INFO - aggregate_fit: received 2 results and 0 failures
2025-07-20 18:15:58,118 - Server - INFO - Round 4: Aggregating updates from 2 clients
2025-07-20 18:15:58,119 - Server - INFO - Round 4: Global model parameters updated
2025-07-20 18:15:58,119 - flwr - INFO - configure_evaluate: strategy sampled 2 clients (out of 2)
2025-07-20 18:15:58,400 - flwr - INFO - aggregate_evaluate: received 2 results and 0 failures
2025-07-20 18:15:58,400 - Server - INFO - Round 4: Aggregating evaluation results from 2 clients
2025-07-20 18:15:58,400 - Server - INFO - Aggregated metrics: {'accuracy': 0.9389814814814815}
2025-07-20 18:15:58,400 - flwr - INFO - 
2025-07-20 18:15:58,401 - flwr - INFO - [SUMMARY]
2025-07-20 18:15:58,401 - flwr - INFO - Run finished 4 round(s) in 49.65s
2025-07-20 18:15:58,401 - flwr - INFO - 	History (loss, distributed):
2025-07-20 18:15:58,401 - flwr - INFO - 		round 1: 0.21390893310308456
2025-07-20 18:15:58,401 - flwr - INFO - 		round 2: 0.17664171755313873
2025-07-20 18:15:58,401 - flwr - INFO - 		round 3: 0.16916928440332413
2025-07-20 18:15:58,401 - flwr - INFO - 		round 4: 0.17090320587158203
2025-07-20 18:15:58,401 - flwr - INFO - 	History (metrics, distributed, evaluate):
2025-07-20 18:15:58,401 - flwr - INFO - 	{'accuracy': [(1, 0.8997453703703704),
2025-07-20 18:15:58,401 - flwr - INFO - 	              (2, 0.9468287037037038),
2025-07-20 18:15:58,401 - flwr - INFO - 	              (3, 0.9487268518518519),
2025-07-20 18:15:58,401 - flwr - INFO - 	              (4, 0.9389814814814815)]}
2025-07-20 18:15:58,401 - flwr - INFO - 
2025-07-20 18:15:58,440 - Server - INFO - Model saved to SavedGlobalModel/final_model.pth
2025-07-20 18:15:58,440 - Server - INFO - Final model saved to SavedGlobalModel/final_model.pth
2025-09-18 21:20:53,262 - Server - INFO - SaveModelStrategy initialized
2025-09-18 21:20:53,262 - Server - INFO - Starting federated learning server at 0.0.0.0:8080
2025-09-18 21:20:53,262 - Server - INFO - Configuration: 4 rounds, 2 minimum clients
2025-09-18 21:20:53,262 - Server - INFO - Model: NeuralNetwork with 17 inputs, 10 classes
2025-09-18 21:20:53,266 - flwr - INFO - Starting Flower server, config: num_rounds=4, no round_timeout
2025-09-18 21:20:53,324 - flwr - INFO - Flower ECE: gRPC server running (4 rounds), SSL is disabled
2025-09-18 21:20:53,324 - flwr - INFO - [INIT]
2025-09-18 21:20:53,324 - flwr - INFO - Using initial global parameters provided by strategy
2025-09-18 21:20:53,324 - flwr - INFO - Starting evaluation of initial global parameters
2025-09-18 21:20:53,324 - flwr - INFO - Evaluation returned no results (`None`)
2025-09-18 21:20:53,324 - flwr - INFO - 
2025-09-18 21:20:53,324 - flwr - INFO - [ROUND 1]
2025-09-18 21:51:51,821 - flwr - INFO - configure_fit: strategy sampled 2 clients (out of 2)
2025-09-18 21:52:05,830 - flwr - INFO - aggregate_fit: received 2 results and 0 failures
2025-09-18 21:52:05,831 - Server - INFO - Round 1: Aggregating updates from 2 clients
2025-09-18 21:52:05,834 - flwr - WARNING - No fit_metrics_aggregation_fn provided
2025-09-18 21:52:05,834 - Server - INFO - Round 1: Global model parameters updated
2025-09-18 21:52:05,847 - Server - INFO - Model saved to SavedGlobalModel/model_round_1.pth
2025-09-18 21:52:05,847 - Server - INFO - Round 1: Saved checkpoint to model_round_1.pth
2025-09-18 21:52:05,847 - flwr - INFO - configure_evaluate: strategy sampled 2 clients (out of 2)
2025-09-18 21:52:06,215 - flwr - INFO - aggregate_evaluate: received 2 results and 0 failures
2025-09-18 21:52:06,215 - Server - INFO - Round 1: Aggregating evaluation results from 2 clients
2025-09-18 21:52:06,215 - Server - INFO - Aggregated metrics: {'accuracy': 0.9245601851851852}
2025-09-18 21:52:06,215 - flwr - INFO - 
2025-09-18 21:52:06,215 - flwr - INFO - [ROUND 2]
2025-09-18 21:52:06,215 - flwr - INFO - configure_fit: strategy sampled 2 clients (out of 2)
2025-09-18 21:52:20,837 - flwr - INFO - aggregate_fit: received 2 results and 0 failures
2025-09-18 21:52:20,837 - Server - INFO - Round 2: Aggregating updates from 2 clients
2025-09-18 21:52:20,839 - Server - INFO - Round 2: Global model parameters updated
2025-09-18 21:52:20,839 - flwr - INFO - configure_evaluate: strategy sampled 2 clients (out of 2)
2025-09-18 21:52:21,244 - flwr - INFO - aggregate_evaluate: received 2 results and 0 failures
2025-09-18 21:52:21,245 - Server - INFO - Round 2: Aggregating evaluation results from 2 clients
2025-09-18 21:52:21,245 - Server - INFO - Aggregated metrics: {'accuracy': 0.939375}
2025-09-18 21:52:21,245 - flwr - INFO - 
2025-09-18 21:52:21,245 - flwr - INFO - [ROUND 3]
2025-09-18 21:52:21,245 - flwr - INFO - configure_fit: strategy sampled 2 clients (out of 2)
2025-09-18 21:52:36,602 - flwr - INFO - aggregate_fit: received 2 results and 0 failures
2025-09-18 21:52:36,602 - Server - INFO - Round 3: Aggregating updates from 2 clients
2025-09-18 21:52:36,603 - Server - INFO - Round 3: Global model parameters updated
2025-09-18 21:52:36,604 - flwr - INFO - configure_evaluate: strategy sampled 2 clients (out of 2)
2025-09-18 21:52:37,020 - flwr - INFO - aggregate_evaluate: received 2 results and 0 failures
2025-09-18 21:52:37,020 - Server - INFO - Round 3: Aggregating evaluation results from 2 clients
2025-09-18 21:52:37,020 - Server - INFO - Aggregated metrics: {'accuracy': 0.9391898148148148}
2025-09-18 21:52:37,020 - flwr - INFO - 
2025-09-18 21:52:37,020 - flwr - INFO - [ROUND 4]
2025-09-18 21:52:37,020 - flwr - INFO - configure_fit: strategy sampled 2 clients (out of 2)
2025-09-18 21:52:55,675 - flwr - INFO - aggregate_fit: received 2 results and 0 failures
2025-09-18 21:52:55,676 - Server - INFO - Round 4: Aggregating updates from 2 clients
2025-09-18 21:52:55,678 - Server - INFO - Round 4: Global model parameters updated
2025-09-18 21:52:55,678 - flwr - INFO - configure_evaluate: strategy sampled 2 clients (out of 2)
2025-09-18 21:52:56,060 - flwr - INFO - aggregate_evaluate: received 2 results and 0 failures
2025-09-18 21:52:56,061 - Server - INFO - Round 4: Aggregating evaluation results from 2 clients
2025-09-18 21:52:56,061 - Server - INFO - Aggregated metrics: {'accuracy': 0.9370601851851852}
2025-09-18 21:52:56,061 - flwr - INFO - 
2025-09-18 21:52:56,061 - flwr - INFO - [SUMMARY]
2025-09-18 21:52:56,061 - flwr - INFO - Run finished 4 round(s) in 1922.74s
2025-09-18 21:52:56,061 - flwr - INFO - 	History (loss, distributed):
2025-09-18 21:52:56,061 - flwr - INFO - 		round 1: 0.2075352668762207
2025-09-18 21:52:56,061 - flwr - INFO - 		round 2: 0.15167157351970673
2025-09-18 21:52:56,061 - flwr - INFO - 		round 3: 0.1503504514694214
2025-09-18 21:52:56,063 - flwr - INFO - 		round 4: 0.16101553291082382
2025-09-18 21:52:56,063 - flwr - INFO - 	History (metrics, distributed, evaluate):
2025-09-18 21:52:56,063 - flwr - INFO - 	{'accuracy': [(1, 0.9245601851851852),
2025-09-18 21:52:56,063 - flwr - INFO - 	              (2, 0.939375),
2025-09-18 21:52:56,063 - flwr - INFO - 	              (3, 0.9391898148148148),
2025-09-18 21:52:56,063 - flwr - INFO - 	              (4, 0.9370601851851852)]}
2025-09-18 21:52:56,063 - flwr - INFO - 
2025-09-18 21:52:56,221 - Server - INFO - Model saved to SavedGlobalModel/final_model.pth
2025-09-18 21:52:56,221 - Server - INFO - Final model saved to SavedGlobalModel/final_model.pth
2025-09-27 09:48:26,268 - Server - INFO - SaveModelStrategy initialized
2025-09-27 09:48:26,269 - Server - INFO - Starting federated learning server at 0.0.0.0:8080
2025-09-27 09:48:26,269 - Server - INFO - Configuration: 4 rounds, 2 minimum clients
2025-09-27 09:48:26,269 - Server - INFO - Model: NeuralNetwork with 17 inputs, 10 classes
2025-09-27 09:48:26,271 - flwr - INFO - Starting Flower server, config: num_rounds=4, no round_timeout
2025-09-27 09:48:26,327 - flwr - INFO - Flower ECE: gRPC server running (4 rounds), SSL is disabled
2025-09-27 09:48:26,327 - flwr - INFO - [INIT]
2025-09-27 09:48:26,327 - flwr - INFO - Using initial global parameters provided by strategy
2025-09-27 09:48:26,327 - flwr - INFO - Starting evaluation of initial global parameters
2025-09-27 09:48:26,327 - flwr - INFO - Evaluation returned no results (`None`)
2025-09-27 09:48:26,328 - flwr - INFO - 
2025-09-27 09:48:26,328 - flwr - INFO - [ROUND 1]
2025-09-27 09:49:24,717 - flwr - INFO - configure_fit: strategy sampled 2 clients (out of 2)
2025-09-27 09:49:37,259 - flwr - INFO - aggregate_fit: received 2 results and 0 failures
2025-09-27 09:49:37,259 - Server - INFO - Round 1: Aggregating updates from 2 clients
2025-09-27 09:49:37,269 - flwr - WARNING - No fit_metrics_aggregation_fn provided
2025-09-27 09:49:37,269 - Server - INFO - Round 1: Global model parameters updated
2025-09-27 09:49:37,282 - Server - INFO - Model saved to SavedGlobalModel/model_round_1.pth
2025-09-27 09:49:37,282 - Server - INFO - Round 1: Saved checkpoint to model_round_1.pth
2025-09-27 09:49:37,282 - flwr - INFO - configure_evaluate: strategy sampled 2 clients (out of 2)
2025-09-27 09:49:37,686 - flwr - INFO - aggregate_evaluate: received 2 results and 0 failures
2025-09-27 09:49:37,686 - Server - INFO - Round 1: Aggregating evaluation results from 2 clients
2025-09-27 09:49:37,686 - Server - INFO - Aggregated metrics: {'accuracy': 0.9095138888888888}
2025-09-27 09:49:37,686 - flwr - INFO - 
2025-09-27 09:49:37,687 - flwr - INFO - [ROUND 2]
2025-09-27 09:49:37,687 - flwr - INFO - configure_fit: strategy sampled 2 clients (out of 2)
2025-09-27 09:49:49,874 - flwr - INFO - aggregate_fit: received 2 results and 0 failures
2025-09-27 09:49:49,875 - Server - INFO - Round 2: Aggregating updates from 2 clients
2025-09-27 09:49:49,876 - Server - INFO - Round 2: Global model parameters updated
2025-09-27 09:49:49,877 - flwr - INFO - configure_evaluate: strategy sampled 2 clients (out of 2)
2025-09-27 09:49:50,214 - flwr - INFO - aggregate_evaluate: received 2 results and 0 failures
2025-09-27 09:49:50,214 - Server - INFO - Round 2: Aggregating evaluation results from 2 clients
2025-09-27 09:49:50,214 - Server - INFO - Aggregated metrics: {'accuracy': 0.9474074074074074}
2025-09-27 09:49:50,214 - flwr - INFO - 
2025-09-27 09:49:50,214 - flwr - INFO - [ROUND 3]
2025-09-27 09:49:50,215 - flwr - INFO - configure_fit: strategy sampled 2 clients (out of 2)
2025-09-27 09:50:02,629 - flwr - INFO - aggregate_fit: received 2 results and 0 failures
2025-09-27 09:50:02,629 - Server - INFO - Round 3: Aggregating updates from 2 clients
2025-09-27 09:50:02,631 - Server - INFO - Round 3: Global model parameters updated
2025-09-27 09:50:02,631 - flwr - INFO - configure_evaluate: strategy sampled 2 clients (out of 2)
2025-09-27 09:50:02,961 - flwr - INFO - aggregate_evaluate: received 2 results and 0 failures
2025-09-27 09:50:02,961 - Server - INFO - Round 3: Aggregating evaluation results from 2 clients
2025-09-27 09:50:02,962 - Server - INFO - Aggregated metrics: {'accuracy': 0.9506018518518519}
2025-09-27 09:50:02,962 - flwr - INFO - 
2025-09-27 09:50:02,962 - flwr - INFO - [ROUND 4]
2025-09-27 09:50:02,962 - flwr - INFO - configure_fit: strategy sampled 2 clients (out of 2)
2025-09-27 09:50:15,554 - flwr - INFO - aggregate_fit: received 2 results and 0 failures
2025-09-27 09:50:15,556 - Server - INFO - Round 4: Aggregating updates from 2 clients
2025-09-27 09:50:15,556 - Server - INFO - Round 4: Global model parameters updated
2025-09-27 09:50:15,557 - flwr - INFO - configure_evaluate: strategy sampled 2 clients (out of 2)
2025-09-27 09:50:15,887 - flwr - INFO - aggregate_evaluate: received 2 results and 0 failures
2025-09-27 09:50:15,887 - Server - INFO - Round 4: Aggregating evaluation results from 2 clients
2025-09-27 09:50:15,887 - Server - INFO - Aggregated metrics: {'accuracy': 0.9452083333333333}
2025-09-27 09:50:15,887 - flwr - INFO - 
2025-09-27 09:50:15,887 - flwr - INFO - [SUMMARY]
2025-09-27 09:50:15,888 - flwr - INFO - Run finished 4 round(s) in 109.56s
2025-09-27 09:50:15,888 - flwr - INFO - 	History (loss, distributed):
2025-09-27 09:50:15,888 - flwr - INFO - 		round 1: 0.23264164477586746
2025-09-27 09:50:15,888 - flwr - INFO - 		round 2: 0.1666930392384529
2025-09-27 09:50:15,888 - flwr - INFO - 		round 3: 0.1554427444934845
2025-09-27 09:50:15,888 - flwr - INFO - 		round 4: 0.15222322940826416
2025-09-27 09:50:15,888 - flwr - INFO - 	History (metrics, distributed, evaluate):
2025-09-27 09:50:15,888 - flwr - INFO - 	{'accuracy': [(1, 0.9095138888888888),
2025-09-27 09:50:15,888 - flwr - INFO - 	              (2, 0.9474074074074074),
2025-09-27 09:50:15,888 - flwr - INFO - 	              (3, 0.9506018518518519),
2025-09-27 09:50:15,889 - flwr - INFO - 	              (4, 0.9452083333333333)]}
2025-09-27 09:50:15,889 - flwr - INFO - 
2025-09-27 09:50:15,962 - Server - INFO - Model saved to SavedGlobalModel/final_model.pth
2025-09-27 09:50:15,962 - Server - INFO - Final model saved to SavedGlobalModel/final_model.pth
2025-10-10 21:46:58,427 - Server - INFO - SaveModelStrategy initialized
2025-10-10 21:46:58,427 - Server - INFO - Starting federated learning server at 0.0.0.0:8080
2025-10-10 21:46:58,427 - Server - INFO - Configuration: 4 rounds, 2 minimum clients
2025-10-10 21:46:58,427 - Server - INFO - Model: NeuralNetwork with 17 inputs, 10 classes
2025-10-10 21:46:58,431 - flwr - INFO - Starting Flower server, config: num_rounds=4, no round_timeout
2025-10-10 21:46:58,471 - flwr - INFO - Flower ECE: gRPC server running (4 rounds), SSL is disabled
2025-10-10 21:46:58,471 - flwr - INFO - [INIT]
2025-10-10 21:46:58,471 - flwr - INFO - Using initial global parameters provided by strategy
2025-10-10 21:46:58,471 - flwr - INFO - Starting evaluation of initial global parameters
2025-10-10 21:46:58,472 - flwr - INFO - Evaluation returned no results (`None`)
2025-10-10 21:46:58,472 - flwr - INFO - 
2025-10-10 21:46:58,472 - flwr - INFO - [ROUND 1]
2025-10-10 21:48:10,055 - flwr - INFO - configure_fit: strategy sampled 2 clients (out of 2)
2025-10-10 21:48:26,540 - flwr - INFO - aggregate_fit: received 2 results and 0 failures
2025-10-10 21:48:26,541 - Server - INFO - Round 1: Aggregating updates from 2 clients
2025-10-10 21:48:26,544 - flwr - WARNING - No fit_metrics_aggregation_fn provided
2025-10-10 21:48:26,545 - Server - INFO - Round 1: Global model parameters updated
2025-10-10 21:48:26,557 - Server - INFO - Model saved to SavedGlobalModel/model_round_1.pth
2025-10-10 21:48:26,557 - Server - INFO - Round 1: Saved checkpoint to model_round_1.pth
2025-10-10 21:48:26,557 - flwr - INFO - configure_evaluate: strategy sampled 2 clients (out of 2)
2025-10-10 21:48:27,033 - flwr - INFO - aggregate_evaluate: received 2 results and 0 failures
2025-10-10 21:48:27,034 - Server - INFO - Round 1: Aggregating evaluation results from 2 clients
2025-10-10 21:48:27,034 - Server - INFO - Aggregated metrics: {'accuracy': 0.9043981481481481}
2025-10-10 21:48:27,034 - flwr - INFO - 
2025-10-10 21:48:27,034 - flwr - INFO - [ROUND 2]
2025-10-10 21:48:27,034 - flwr - INFO - configure_fit: strategy sampled 2 clients (out of 2)
2025-10-10 21:48:44,697 - flwr - INFO - aggregate_fit: received 2 results and 0 failures
2025-10-10 21:48:44,698 - Server - INFO - Round 2: Aggregating updates from 2 clients
2025-10-10 21:48:44,700 - Server - INFO - Round 2: Global model parameters updated
2025-10-10 21:48:44,700 - flwr - INFO - configure_evaluate: strategy sampled 2 clients (out of 2)
2025-10-10 21:48:45,227 - flwr - INFO - aggregate_evaluate: received 2 results and 0 failures
2025-10-10 21:48:45,229 - Server - INFO - Round 2: Aggregating evaluation results from 2 clients
2025-10-10 21:48:45,229 - Server - INFO - Aggregated metrics: {'accuracy': 0.9397685185185185}
2025-10-10 21:48:45,229 - flwr - INFO - 
2025-10-10 21:48:45,229 - flwr - INFO - [ROUND 3]
2025-10-10 21:48:45,229 - flwr - INFO - configure_fit: strategy sampled 2 clients (out of 2)
2025-10-10 21:49:05,196 - flwr - INFO - aggregate_fit: received 2 results and 0 failures
2025-10-10 21:49:05,196 - Server - INFO - Round 3: Aggregating updates from 2 clients
2025-10-10 21:49:05,197 - Server - INFO - Round 3: Global model parameters updated
2025-10-10 21:49:05,197 - flwr - INFO - configure_evaluate: strategy sampled 2 clients (out of 2)
2025-10-10 21:49:05,628 - flwr - INFO - aggregate_evaluate: received 2 results and 0 failures
2025-10-10 21:49:05,628 - Server - INFO - Round 3: Aggregating evaluation results from 2 clients
2025-10-10 21:49:05,629 - Server - INFO - Aggregated metrics: {'accuracy': 0.9539814814814814}
2025-10-10 21:49:05,629 - flwr - INFO - 
2025-10-10 21:49:05,629 - flwr - INFO - [ROUND 4]
2025-10-10 21:49:05,629 - flwr - INFO - configure_fit: strategy sampled 2 clients (out of 2)
2025-10-10 21:49:23,275 - flwr - INFO - aggregate_fit: received 2 results and 0 failures
2025-10-10 21:49:23,276 - Server - INFO - Round 4: Aggregating updates from 2 clients
2025-10-10 21:49:23,277 - Server - INFO - Round 4: Global model parameters updated
2025-10-10 21:49:23,278 - flwr - INFO - configure_evaluate: strategy sampled 2 clients (out of 2)
2025-10-10 21:49:23,727 - flwr - INFO - aggregate_evaluate: received 2 results and 0 failures
2025-10-10 21:49:23,727 - Server - INFO - Round 4: Aggregating evaluation results from 2 clients
2025-10-10 21:49:23,727 - Server - INFO - Aggregated metrics: {'accuracy': 0.9525462962962963}
2025-10-10 21:49:23,727 - flwr - INFO - 
2025-10-10 21:49:23,728 - flwr - INFO - [SUMMARY]
2025-10-10 21:49:23,728 - flwr - INFO - Run finished 4 round(s) in 145.26s
2025-10-10 21:49:23,728 - flwr - INFO - 	History (loss, distributed):
2025-10-10 21:49:23,728 - flwr - INFO - 		round 1: 0.23659764975309372
2025-10-10 21:49:23,728 - flwr - INFO - 		round 2: 0.15826035290956497
2025-10-10 21:49:23,729 - flwr - INFO - 		round 3: 0.1433192491531372
2025-10-10 21:49:23,729 - flwr - INFO - 		round 4: 0.13282347470521927
2025-10-10 21:49:23,729 - flwr - INFO - 	History (metrics, distributed, evaluate):
2025-10-10 21:49:23,729 - flwr - INFO - 	{'accuracy': [(1, 0.9043981481481481),
2025-10-10 21:49:23,729 - flwr - INFO - 	              (2, 0.9397685185185185),
2025-10-10 21:49:23,730 - flwr - INFO - 	              (3, 0.9539814814814814),
2025-10-10 21:49:23,730 - flwr - INFO - 	              (4, 0.9525462962962963)]}
2025-10-10 21:49:23,730 - flwr - INFO - 
2025-10-10 21:49:23,880 - Server - INFO - Model saved to SavedGlobalModel/final_model.pth
2025-10-10 21:49:23,881 - Server - INFO - Final model saved to SavedGlobalModel/final_model.pth
2025-10-30 23:48:11,357 - Server - INFO - SaveModelStrategy initialized
2025-10-30 23:48:11,357 - Server - INFO - Starting federated learning server at 0.0.0.0:8080
2025-10-30 23:48:11,358 - Server - INFO - Configuration: 4 rounds, 2 minimum clients
2025-10-30 23:48:11,360 - Server - INFO - Model: NeuralNetwork with 17 inputs, 10 classes
2025-10-30 23:48:11,365 - flwr - INFO - Starting Flower server, config: num_rounds=4, no round_timeout
2025-10-30 23:48:11,419 - flwr - INFO - Flower ECE: gRPC server running (4 rounds), SSL is disabled
2025-10-30 23:48:11,421 - flwr - INFO - [INIT]
2025-10-30 23:48:11,421 - flwr - INFO - Using initial global parameters provided by strategy
2025-10-30 23:48:11,423 - flwr - INFO - Starting evaluation of initial global parameters
2025-10-30 23:48:11,425 - flwr - INFO - Evaluation returned no results (`None`)
2025-10-30 23:48:11,427 - flwr - INFO - 
2025-10-30 23:48:11,427 - flwr - INFO - [ROUND 1]
2025-10-30 23:48:20,624 - flwr - INFO - configure_fit: strategy sampled 2 clients (out of 2)
2025-10-30 23:48:38,994 - flwr - INFO - aggregate_fit: received 2 results and 0 failures
2025-10-30 23:48:39,003 - Server - INFO - Round 1: Aggregating updates from 2 clients
2025-10-30 23:48:39,022 - flwr - WARNING - No fit_metrics_aggregation_fn provided
2025-10-30 23:48:39,023 - Server - INFO - Round 1: Global model parameters updated
2025-10-30 23:48:39,055 - Server - INFO - Model saved to SavedGlobalModel/model_round_1.pth
2025-10-30 23:48:39,062 - Server - INFO - Round 1: Saved checkpoint to model_round_1.pth
2025-10-30 23:48:39,065 - flwr - INFO - configure_evaluate: strategy sampled 2 clients (out of 2)
2025-10-30 23:48:39,902 - flwr - INFO - aggregate_evaluate: received 2 results and 0 failures
2025-10-30 23:48:39,902 - Server - INFO - Round 1: Aggregating evaluation results from 2 clients
2025-10-30 23:48:39,904 - Server - INFO - Aggregated metrics: {'accuracy': 0.8859027777777778}
2025-10-30 23:48:39,904 - flwr - INFO - 
2025-10-30 23:48:39,904 - flwr - INFO - [ROUND 2]
2025-10-30 23:48:39,906 - flwr - INFO - configure_fit: strategy sampled 2 clients (out of 2)
2025-10-30 23:49:17,110 - flwr - INFO - aggregate_fit: received 2 results and 0 failures
2025-10-30 23:49:17,110 - Server - INFO - Round 2: Aggregating updates from 2 clients
2025-10-30 23:49:17,113 - Server - INFO - Round 2: Global model parameters updated
2025-10-30 23:49:17,113 - flwr - INFO - configure_evaluate: strategy sampled 2 clients (out of 2)
2025-10-30 23:49:17,866 - flwr - INFO - aggregate_evaluate: received 2 results and 0 failures
2025-10-30 23:49:17,868 - Server - INFO - Round 2: Aggregating evaluation results from 2 clients
2025-10-30 23:49:17,868 - Server - INFO - Aggregated metrics: {'accuracy': 0.9468981481481481}
2025-10-30 23:49:17,868 - flwr - INFO - 
2025-10-30 23:49:17,868 - flwr - INFO - [ROUND 3]
2025-10-30 23:49:17,870 - flwr - INFO - configure_fit: strategy sampled 2 clients (out of 2)
2025-10-30 23:49:45,318 - flwr - INFO - aggregate_fit: received 2 results and 0 failures
2025-10-30 23:49:45,318 - Server - INFO - Round 3: Aggregating updates from 2 clients
2025-10-30 23:49:45,324 - Server - INFO - Round 3: Global model parameters updated
2025-10-30 23:49:45,324 - flwr - INFO - configure_evaluate: strategy sampled 2 clients (out of 2)
2025-10-30 23:49:45,862 - flwr - INFO - aggregate_evaluate: received 2 results and 0 failures
2025-10-30 23:49:45,862 - Server - INFO - Round 3: Aggregating evaluation results from 2 clients
2025-10-30 23:49:45,862 - Server - INFO - Aggregated metrics: {'accuracy': 0.9563657407407408}
2025-10-30 23:49:45,864 - flwr - INFO - 
2025-10-30 23:49:45,864 - flwr - INFO - [ROUND 4]
2025-10-30 23:49:45,864 - flwr - INFO - configure_fit: strategy sampled 2 clients (out of 2)
2025-10-30 23:50:16,427 - flwr - INFO - aggregate_fit: received 2 results and 0 failures
2025-10-30 23:50:16,427 - Server - INFO - Round 4: Aggregating updates from 2 clients
2025-10-30 23:50:16,427 - Server - INFO - Round 4: Global model parameters updated
2025-10-30 23:50:16,427 - flwr - INFO - configure_evaluate: strategy sampled 2 clients (out of 2)
2025-10-30 23:50:17,012 - flwr - INFO - aggregate_evaluate: received 2 results and 0 failures
2025-10-30 23:50:17,016 - Server - INFO - Round 4: Aggregating evaluation results from 2 clients
2025-10-30 23:50:17,016 - Server - INFO - Aggregated metrics: {'accuracy': 0.9537268518518518}
2025-10-30 23:50:17,016 - flwr - INFO - 
2025-10-30 23:50:17,016 - flwr - INFO - [SUMMARY]
2025-10-30 23:50:17,016 - flwr - INFO - Run finished 4 round(s) in 125.59s
2025-10-30 23:50:17,016 - flwr - INFO - 	History (loss, distributed):
2025-10-30 23:50:17,025 - flwr - INFO - 		round 1: 0.33855555951595306
2025-10-30 23:50:17,025 - flwr - INFO - 		round 2: 0.15931929647922516
2025-10-30 23:50:17,025 - flwr - INFO - 		round 3: 0.12695616111159325
2025-10-30 23:50:17,025 - flwr - INFO - 		round 4: 0.12048706039786339
2025-10-30 23:50:17,025 - flwr - INFO - 	History (metrics, distributed, evaluate):
2025-10-30 23:50:17,025 - flwr - INFO - 	{'accuracy': [(1, 0.8859027777777778),
2025-10-30 23:50:17,025 - flwr - INFO - 	              (2, 0.9468981481481481),
2025-10-30 23:50:17,025 - flwr - INFO - 	              (3, 0.9563657407407408),
2025-10-30 23:50:17,025 - flwr - INFO - 	              (4, 0.9537268518518518)]}
2025-10-30 23:50:17,025 - flwr - INFO - 
2025-10-30 23:50:17,201 - Server - INFO - Model saved to SavedGlobalModel/final_model.pth
2025-10-30 23:50:17,201 - Server - INFO - Final model saved to SavedGlobalModel/final_model.pth
2025-10-30 23:53:25,787 - Server - INFO - SaveModelStrategy initialized
2025-10-30 23:53:25,787 - Server - INFO - Starting federated learning server at 0.0.0.0:8080
2025-10-30 23:53:25,787 - Server - INFO - Configuration: 3 rounds, 2 minimum clients
2025-10-30 23:53:25,788 - Server - INFO - Model: NeuralNetwork with 17 inputs, 10 classes
2025-10-30 23:53:25,790 - flwr - INFO - Starting Flower server, config: num_rounds=3, no round_timeout
2025-10-30 23:53:25,810 - flwr - INFO - Flower ECE: gRPC server running (3 rounds), SSL is disabled
2025-10-30 23:53:25,810 - flwr - INFO - [INIT]
2025-10-30 23:53:25,814 - flwr - INFO - Using initial global parameters provided by strategy
2025-10-30 23:53:25,814 - flwr - INFO - Starting evaluation of initial global parameters
2025-10-30 23:53:25,814 - flwr - INFO - Evaluation returned no results (`None`)
2025-10-30 23:53:25,814 - flwr - INFO - 
2025-10-30 23:53:25,834 - flwr - INFO - [ROUND 1]
2025-10-30 23:53:34,583 - flwr - INFO - configure_fit: strategy sampled 2 clients (out of 2)
2025-10-30 23:53:47,516 - flwr - INFO - aggregate_fit: received 2 results and 0 failures
2025-10-30 23:53:47,516 - Server - INFO - Round 1: Aggregating updates from 2 clients
2025-10-30 23:53:47,526 - flwr - WARNING - No fit_metrics_aggregation_fn provided
2025-10-30 23:53:47,526 - Server - INFO - Round 1: Global model parameters updated
2025-10-30 23:53:47,526 - Server - INFO - Model saved to SavedGlobalModel/model_round_1.pth
2025-10-30 23:53:47,526 - Server - INFO - Round 1: Saved checkpoint to model_round_1.pth
2025-10-30 23:53:47,526 - flwr - INFO - configure_evaluate: strategy sampled 2 clients (out of 2)
2025-10-30 23:53:47,820 - flwr - INFO - aggregate_evaluate: received 2 results and 0 failures
2025-10-30 23:53:47,820 - Server - INFO - Round 1: Aggregating evaluation results from 2 clients
2025-10-30 23:53:47,820 - Server - INFO - Aggregated metrics: {'accuracy': 0.9144675925925926}
2025-10-30 23:53:47,820 - flwr - INFO - 
2025-10-30 23:53:47,820 - flwr - INFO - [ROUND 2]
2025-10-30 23:53:47,820 - flwr - INFO - configure_fit: strategy sampled 2 clients (out of 2)
2025-10-30 23:53:58,992 - flwr - INFO - aggregate_fit: received 2 results and 0 failures
2025-10-30 23:53:58,992 - Server - INFO - Round 2: Aggregating updates from 2 clients
2025-10-30 23:53:58,997 - Server - INFO - Round 2: Global model parameters updated
2025-10-30 23:53:58,997 - flwr - INFO - configure_evaluate: strategy sampled 2 clients (out of 2)
2025-10-30 23:53:59,319 - flwr - INFO - aggregate_evaluate: received 2 results and 0 failures
2025-10-30 23:53:59,319 - Server - INFO - Round 2: Aggregating evaluation results from 2 clients
2025-10-30 23:53:59,319 - Server - INFO - Aggregated metrics: {'accuracy': 0.9321527777777778}
2025-10-30 23:53:59,319 - flwr - INFO - 
2025-10-30 23:53:59,319 - flwr - INFO - [ROUND 3]
2025-10-30 23:53:59,321 - flwr - INFO - configure_fit: strategy sampled 2 clients (out of 2)
2025-10-30 23:54:11,181 - flwr - INFO - aggregate_fit: received 2 results and 0 failures
2025-10-30 23:54:11,190 - Server - INFO - Round 3: Aggregating updates from 2 clients
2025-10-30 23:54:11,190 - Server - INFO - Round 3: Global model parameters updated
2025-10-30 23:54:11,190 - flwr - INFO - configure_evaluate: strategy sampled 2 clients (out of 2)
2025-10-30 23:54:11,454 - flwr - INFO - aggregate_evaluate: received 2 results and 0 failures
2025-10-30 23:54:11,454 - Server - INFO - Round 3: Aggregating evaluation results from 2 clients
2025-10-30 23:54:11,454 - Server - INFO - Aggregated metrics: {'accuracy': 0.9371990740740741}
2025-10-30 23:54:11,454 - flwr - INFO - 
2025-10-30 23:54:11,454 - flwr - INFO - [SUMMARY]
2025-10-30 23:54:11,454 - flwr - INFO - Run finished 3 round(s) in 45.64s
2025-10-30 23:54:11,454 - flwr - INFO - 	History (loss, distributed):
2025-10-30 23:54:11,454 - flwr - INFO - 		round 1: 0.2396426945924759
2025-10-30 23:54:11,458 - flwr - INFO - 		round 2: 0.22053217887878418
2025-10-30 23:54:11,458 - flwr - INFO - 		round 3: 0.19532398134469986
2025-10-30 23:54:11,459 - flwr - INFO - 	History (metrics, distributed, evaluate):
2025-10-30 23:54:11,459 - flwr - INFO - 	{'accuracy': [(1, 0.9144675925925926),
2025-10-30 23:54:11,459 - flwr - INFO - 	              (2, 0.9321527777777778),
2025-10-30 23:54:11,459 - flwr - INFO - 	              (3, 0.9371990740740741)]}
2025-10-30 23:54:11,459 - flwr - INFO - 
2025-10-30 23:54:11,497 - Server - INFO - Model saved to SavedGlobalModel/final_model.pth
2025-10-30 23:54:11,518 - Server - INFO - Final model saved to SavedGlobalModel/final_model.pth
2025-10-30 23:54:55,173 - Server - INFO - SaveModelStrategy initialized
2025-10-30 23:54:55,173 - Server - INFO - Starting federated learning server at 0.0.0.0:8080
2025-10-30 23:54:55,173 - Server - INFO - Configuration: 3 rounds, 2 minimum clients
2025-10-30 23:54:55,173 - Server - INFO - Model: NeuralNetwork with 17 inputs, 10 classes
2025-10-30 23:54:55,177 - flwr - INFO - Starting Flower server, config: num_rounds=3, no round_timeout
2025-10-30 23:54:55,195 - flwr - INFO - Flower ECE: gRPC server running (3 rounds), SSL is disabled
2025-10-30 23:54:55,195 - flwr - INFO - [INIT]
2025-10-30 23:54:55,195 - flwr - INFO - Using initial global parameters provided by strategy
2025-10-30 23:54:55,195 - flwr - INFO - Starting evaluation of initial global parameters
2025-10-30 23:54:55,197 - flwr - INFO - Evaluation returned no results (`None`)
2025-10-30 23:54:55,197 - flwr - INFO - 
2025-10-30 23:54:55,198 - flwr - INFO - [ROUND 1]
2025-10-30 23:55:04,803 - flwr - INFO - configure_fit: strategy sampled 2 clients (out of 2)
2025-10-30 23:55:18,093 - flwr - INFO - aggregate_fit: received 2 results and 0 failures
2025-10-30 23:55:18,097 - Server - INFO - Round 1: Aggregating updates from 2 clients
2025-10-30 23:55:18,097 - flwr - WARNING - No fit_metrics_aggregation_fn provided
2025-10-30 23:55:18,097 - Server - INFO - Round 1: Global model parameters updated
2025-10-30 23:55:18,105 - Server - INFO - Model saved to SavedGlobalModel/model_round_1.pth
2025-10-30 23:55:18,105 - Server - INFO - Round 1: Saved checkpoint to model_round_1.pth
2025-10-30 23:55:18,106 - flwr - INFO - configure_evaluate: strategy sampled 2 clients (out of 2)
2025-10-30 23:55:18,452 - flwr - INFO - aggregate_evaluate: received 2 results and 0 failures
2025-10-30 23:55:18,456 - Server - INFO - Round 1: Aggregating evaluation results from 2 clients
2025-10-30 23:55:18,456 - Server - INFO - Aggregated metrics: {'accuracy': 0.9153240740740741}
2025-10-30 23:55:18,456 - flwr - INFO - 
2025-10-30 23:55:18,456 - flwr - INFO - [ROUND 2]
2025-10-30 23:55:18,458 - flwr - INFO - configure_fit: strategy sampled 2 clients (out of 2)
2025-10-30 23:55:48,237 - flwr - INFO - aggregate_fit: received 2 results and 0 failures
2025-10-30 23:55:48,240 - Server - INFO - Round 2: Aggregating updates from 2 clients
2025-10-30 23:55:48,240 - Server - INFO - Round 2: Global model parameters updated
2025-10-30 23:55:48,240 - flwr - INFO - configure_evaluate: strategy sampled 2 clients (out of 2)
2025-10-30 23:55:48,851 - flwr - INFO - aggregate_evaluate: received 2 results and 0 failures
2025-10-30 23:55:48,853 - Server - INFO - Round 2: Aggregating evaluation results from 2 clients
2025-10-30 23:55:48,853 - Server - INFO - Aggregated metrics: {'accuracy': 0.9581481481481482}
2025-10-30 23:55:48,853 - flwr - INFO - 
2025-10-30 23:55:48,853 - flwr - INFO - [ROUND 3]
2025-10-30 23:55:48,855 - flwr - INFO - configure_fit: strategy sampled 2 clients (out of 2)
2025-10-30 23:56:17,065 - flwr - INFO - aggregate_fit: received 2 results and 0 failures
2025-10-30 23:56:17,087 - Server - INFO - Round 3: Aggregating updates from 2 clients
2025-10-30 23:56:17,246 - Server - INFO - Round 3: Global model parameters updated
2025-10-30 23:56:17,257 - flwr - INFO - configure_evaluate: strategy sampled 2 clients (out of 2)
2025-10-30 23:56:19,391 - flwr - INFO - aggregate_evaluate: received 2 results and 0 failures
2025-10-30 23:56:19,391 - Server - INFO - Round 3: Aggregating evaluation results from 2 clients
2025-10-30 23:56:19,393 - Server - INFO - Aggregated metrics: {'accuracy': 0.9525231481481482}
2025-10-30 23:56:19,393 - flwr - INFO - 
2025-10-30 23:56:19,393 - flwr - INFO - [SUMMARY]
2025-10-30 23:56:19,393 - flwr - INFO - Run finished 3 round(s) in 84.20s
2025-10-30 23:56:19,393 - flwr - INFO - 	History (loss, distributed):
2025-10-30 23:56:19,395 - flwr - INFO - 		round 1: 0.19969583302736282
2025-10-30 23:56:19,395 - flwr - INFO - 		round 2: 0.13927177339792252
2025-10-30 23:56:19,395 - flwr - INFO - 		round 3: 0.1317407637834549
2025-10-30 23:56:19,395 - flwr - INFO - 	History (metrics, distributed, evaluate):
2025-10-30 23:56:19,397 - flwr - INFO - 	{'accuracy': [(1, 0.9153240740740741),
2025-10-30 23:56:19,397 - flwr - INFO - 	              (2, 0.9581481481481482),
2025-10-30 23:56:19,397 - flwr - INFO - 	              (3, 0.9525231481481482)]}
2025-10-30 23:56:19,397 - flwr - INFO - 
2025-10-30 23:56:19,532 - Server - INFO - Model saved to SavedGlobalModel/final_model.pth
2025-10-30 23:56:19,579 - Server - INFO - Final model saved to SavedGlobalModel/final_model.pth
2025-10-30 23:57:40,717 - Server - INFO - SaveModelStrategy initialized
2025-10-30 23:57:40,717 - Server - INFO - Starting federated learning server at 0.0.0.0:8080
2025-10-30 23:57:40,717 - Server - INFO - Configuration: 2 rounds, 2 minimum clients
2025-10-30 23:57:40,717 - Server - INFO - Model: NeuralNetwork with 17 inputs, 10 classes
2025-10-30 23:57:40,717 - flwr - INFO - Starting Flower server, config: num_rounds=2, no round_timeout
2025-10-30 23:57:40,743 - flwr - INFO - Flower ECE: gRPC server running (2 rounds), SSL is disabled
2025-10-30 23:57:40,743 - flwr - INFO - [INIT]
2025-10-30 23:57:40,743 - flwr - INFO - Using initial global parameters provided by strategy
2025-10-30 23:57:40,743 - flwr - INFO - Starting evaluation of initial global parameters
2025-10-30 23:57:40,743 - flwr - INFO - Evaluation returned no results (`None`)
2025-10-30 23:57:40,747 - flwr - INFO - 
2025-10-30 23:57:40,747 - flwr - INFO - [ROUND 1]
2025-10-30 23:57:51,193 - flwr - INFO - configure_fit: strategy sampled 2 clients (out of 2)
2025-10-30 23:58:03,487 - flwr - INFO - aggregate_fit: received 2 results and 0 failures
2025-10-30 23:58:03,487 - Server - INFO - Round 1: Aggregating updates from 2 clients
2025-10-30 23:58:03,496 - flwr - WARNING - No fit_metrics_aggregation_fn provided
2025-10-30 23:58:03,496 - Server - INFO - Round 1: Global model parameters updated
2025-10-30 23:58:03,504 - Server - INFO - Model saved to SavedGlobalModel/model_round_1.pth
2025-10-30 23:58:03,504 - Server - INFO - Round 1: Saved checkpoint to model_round_1.pth
2025-10-30 23:58:03,504 - flwr - INFO - configure_evaluate: strategy sampled 2 clients (out of 2)
2025-10-30 23:58:03,857 - flwr - INFO - aggregate_evaluate: received 2 results and 0 failures
2025-10-30 23:58:03,858 - Server - INFO - Round 1: Aggregating evaluation results from 2 clients
2025-10-30 23:58:03,858 - Server - INFO - Aggregated metrics: {'accuracy': 0.8792592592592593}
2025-10-30 23:58:03,858 - flwr - INFO - 
2025-10-30 23:58:03,858 - flwr - INFO - [ROUND 2]
2025-10-30 23:58:03,858 - flwr - INFO - configure_fit: strategy sampled 2 clients (out of 2)
2025-10-30 23:58:14,683 - flwr - INFO - aggregate_fit: received 2 results and 0 failures
2025-10-30 23:58:14,683 - Server - INFO - Round 2: Aggregating updates from 2 clients
2025-10-30 23:58:14,683 - Server - INFO - Round 2: Global model parameters updated
2025-10-30 23:58:14,689 - flwr - INFO - configure_evaluate: strategy sampled 2 clients (out of 2)
2025-10-30 23:58:14,964 - flwr - INFO - aggregate_evaluate: received 2 results and 0 failures
2025-10-30 23:58:14,970 - Server - INFO - Round 2: Aggregating evaluation results from 2 clients
2025-10-30 23:58:14,970 - Server - INFO - Aggregated metrics: {'accuracy': 0.9323842592592593}
2025-10-30 23:58:14,970 - flwr - INFO - 
2025-10-30 23:58:14,970 - flwr - INFO - [SUMMARY]
2025-10-30 23:58:14,970 - flwr - INFO - Run finished 2 round(s) in 34.22s
2025-10-30 23:58:14,972 - flwr - INFO - 	History (loss, distributed):
2025-10-30 23:58:14,972 - flwr - INFO - 		round 1: 0.29035232961177826
2025-10-30 23:58:14,972 - flwr - INFO - 		round 2: 0.2034439742565155
2025-10-30 23:58:14,972 - flwr - INFO - 	History (metrics, distributed, evaluate):
2025-10-30 23:58:14,974 - flwr - INFO - 	{'accuracy': [(1, 0.8792592592592593), (2, 0.9323842592592593)]}
2025-10-30 23:58:14,974 - flwr - INFO - 
2025-10-30 23:58:15,034 - Server - INFO - Model saved to SavedGlobalModel/final_model.pth
2025-10-30 23:58:15,035 - Server - INFO - Final model saved to SavedGlobalModel/final_model.pth
2025-10-30 23:58:56,835 - Server - INFO - SaveModelStrategy initialized
2025-10-30 23:58:56,839 - Server - INFO - Starting federated learning server at 0.0.0.0:8080
2025-10-30 23:58:56,839 - Server - INFO - Configuration: 5 rounds, 2 minimum clients
2025-10-30 23:58:56,839 - Server - INFO - Model: NeuralNetwork with 17 inputs, 10 classes
2025-10-30 23:58:56,839 - flwr - INFO - Starting Flower server, config: num_rounds=5, no round_timeout
2025-10-30 23:58:56,863 - flwr - INFO - Flower ECE: gRPC server running (5 rounds), SSL is disabled
2025-10-30 23:58:56,863 - flwr - INFO - [INIT]
2025-10-30 23:58:56,863 - flwr - INFO - Using initial global parameters provided by strategy
2025-10-30 23:58:56,865 - flwr - INFO - Starting evaluation of initial global parameters
2025-10-30 23:58:56,866 - flwr - INFO - Evaluation returned no results (`None`)
2025-10-30 23:58:56,885 - flwr - INFO - 
2025-10-30 23:58:56,887 - flwr - INFO - [ROUND 1]
2025-10-30 23:59:08,453 - flwr - INFO - configure_fit: strategy sampled 2 clients (out of 2)
2025-10-30 23:59:18,585 - flwr - INFO - aggregate_fit: received 2 results and 0 failures
2025-10-30 23:59:18,585 - Server - INFO - Round 1: Aggregating updates from 2 clients
2025-10-30 23:59:18,586 - flwr - WARNING - No fit_metrics_aggregation_fn provided
2025-10-30 23:59:18,586 - Server - INFO - Round 1: Global model parameters updated
2025-10-30 23:59:18,592 - Server - INFO - Model saved to SavedGlobalModel/model_round_1.pth
2025-10-30 23:59:18,592 - Server - INFO - Round 1: Saved checkpoint to model_round_1.pth
2025-10-30 23:59:18,592 - flwr - INFO - configure_evaluate: strategy sampled 2 clients (out of 2)
2025-10-30 23:59:18,941 - flwr - INFO - aggregate_evaluate: received 2 results and 0 failures
2025-10-30 23:59:18,941 - Server - INFO - Round 1: Aggregating evaluation results from 2 clients
2025-10-30 23:59:18,941 - Server - INFO - Aggregated metrics: {'accuracy': 0.9146527777777778}
2025-10-30 23:59:18,941 - flwr - INFO - 
2025-10-30 23:59:18,941 - flwr - INFO - [ROUND 2]
2025-10-30 23:59:18,941 - flwr - INFO - configure_fit: strategy sampled 2 clients (out of 2)
2025-10-30 23:59:30,940 - flwr - INFO - aggregate_fit: received 2 results and 0 failures
2025-10-30 23:59:30,940 - Server - INFO - Round 2: Aggregating updates from 2 clients
2025-10-30 23:59:30,940 - Server - INFO - Round 2: Global model parameters updated
2025-10-30 23:59:30,940 - flwr - INFO - configure_evaluate: strategy sampled 2 clients (out of 2)
2025-10-30 23:59:31,268 - flwr - INFO - aggregate_evaluate: received 2 results and 0 failures
2025-10-30 23:59:31,268 - Server - INFO - Round 2: Aggregating evaluation results from 2 clients
2025-10-30 23:59:31,268 - Server - INFO - Aggregated metrics: {'accuracy': 0.9458101851851852}
2025-10-30 23:59:31,268 - flwr - INFO - 
2025-10-30 23:59:31,268 - flwr - INFO - [ROUND 3]
2025-10-30 23:59:31,270 - flwr - INFO - configure_fit: strategy sampled 2 clients (out of 2)
2025-10-30 23:59:42,965 - flwr - INFO - aggregate_fit: received 2 results and 0 failures
2025-10-30 23:59:42,965 - Server - INFO - Round 3: Aggregating updates from 2 clients
2025-10-30 23:59:42,965 - Server - INFO - Round 3: Global model parameters updated
2025-10-30 23:59:42,965 - flwr - INFO - configure_evaluate: strategy sampled 2 clients (out of 2)
2025-10-30 23:59:43,232 - flwr - INFO - aggregate_evaluate: received 2 results and 0 failures
2025-10-30 23:59:43,232 - Server - INFO - Round 3: Aggregating evaluation results from 2 clients
2025-10-30 23:59:43,232 - Server - INFO - Aggregated metrics: {'accuracy': 0.9488194444444444}
2025-10-30 23:59:43,232 - flwr - INFO - 
2025-10-30 23:59:43,232 - flwr - INFO - [ROUND 4]
2025-10-30 23:59:43,232 - flwr - INFO - configure_fit: strategy sampled 2 clients (out of 2)
2025-10-30 23:59:55,102 - flwr - INFO - aggregate_fit: received 2 results and 0 failures
2025-10-30 23:59:55,102 - Server - INFO - Round 4: Aggregating updates from 2 clients
2025-10-30 23:59:55,102 - Server - INFO - Round 4: Global model parameters updated
2025-10-30 23:59:55,102 - flwr - INFO - configure_evaluate: strategy sampled 2 clients (out of 2)
2025-10-30 23:59:55,340 - flwr - INFO - aggregate_evaluate: received 2 results and 0 failures
2025-10-30 23:59:55,345 - Server - INFO - Round 4: Aggregating evaluation results from 2 clients
2025-10-30 23:59:55,345 - Server - INFO - Aggregated metrics: {'accuracy': 0.9471759259259259}
2025-10-30 23:59:55,345 - flwr - INFO - 
2025-10-30 23:59:55,345 - flwr - INFO - [ROUND 5]
2025-10-30 23:59:55,345 - flwr - INFO - configure_fit: strategy sampled 2 clients (out of 2)
2025-10-31 00:00:08,124 - flwr - INFO - aggregate_fit: received 2 results and 0 failures
2025-10-31 00:00:08,124 - Server - INFO - Round 5: Aggregating updates from 2 clients
2025-10-31 00:00:08,124 - Server - INFO - Round 5: Global model parameters updated
2025-10-31 00:00:08,130 - Server - INFO - Model saved to SavedGlobalModel/model_round_5.pth
2025-10-31 00:00:08,130 - Server - INFO - Round 5: Saved checkpoint to model_round_5.pth
2025-10-31 00:00:08,130 - flwr - INFO - configure_evaluate: strategy sampled 2 clients (out of 2)
2025-10-31 00:00:08,433 - flwr - INFO - aggregate_evaluate: received 2 results and 0 failures
2025-10-31 00:00:08,433 - Server - INFO - Round 5: Aggregating evaluation results from 2 clients
2025-10-31 00:00:08,433 - Server - INFO - Aggregated metrics: {'accuracy': 0.9492592592592592}
2025-10-31 00:00:08,433 - flwr - INFO - 
2025-10-31 00:00:08,433 - flwr - INFO - [SUMMARY]
2025-10-31 00:00:08,433 - flwr - INFO - Run finished 5 round(s) in 71.55s
2025-10-31 00:00:08,433 - flwr - INFO - 	History (loss, distributed):
2025-10-31 00:00:08,433 - flwr - INFO - 		round 1: 0.19733450561761856
2025-10-31 00:00:08,433 - flwr - INFO - 		round 2: 0.1649801880121231
2025-10-31 00:00:08,433 - flwr - INFO - 		round 3: 0.15409084409475327
2025-10-31 00:00:08,433 - flwr - INFO - 		round 4: 0.15569322556257248
2025-10-31 00:00:08,433 - flwr - INFO - 		round 5: 0.15257518738508224
2025-10-31 00:00:08,433 - flwr - INFO - 	History (metrics, distributed, evaluate):
2025-10-31 00:00:08,433 - flwr - INFO - 	{'accuracy': [(1, 0.9146527777777778),
2025-10-31 00:00:08,433 - flwr - INFO - 	              (2, 0.9458101851851852),
2025-10-31 00:00:08,433 - flwr - INFO - 	              (3, 0.9488194444444444),
2025-10-31 00:00:08,433 - flwr - INFO - 	              (4, 0.9471759259259259),
2025-10-31 00:00:08,433 - flwr - INFO - 	              (5, 0.9492592592592592)]}
2025-10-31 00:00:08,433 - flwr - INFO - 
2025-10-31 00:00:08,485 - Server - INFO - Model saved to SavedGlobalModel/final_model.pth
2025-10-31 00:00:08,485 - Server - INFO - Final model saved to SavedGlobalModel/final_model.pth
2025-10-31 00:00:47,337 - Server - INFO - SaveModelStrategy initialized
2025-10-31 00:00:47,337 - Server - INFO - Starting federated learning server at 0.0.0.0:8080
2025-10-31 00:00:47,337 - Server - INFO - Configuration: 6 rounds, 2 minimum clients
2025-10-31 00:00:47,337 - Server - INFO - Model: NeuralNetwork with 17 inputs, 10 classes
2025-10-31 00:00:47,337 - flwr - INFO - Starting Flower server, config: num_rounds=6, no round_timeout
2025-10-31 00:00:47,361 - flwr - INFO - Flower ECE: gRPC server running (6 rounds), SSL is disabled
2025-10-31 00:00:47,375 - flwr - INFO - [INIT]
2025-10-31 00:00:47,375 - flwr - INFO - Using initial global parameters provided by strategy
2025-10-31 00:00:47,375 - flwr - INFO - Starting evaluation of initial global parameters
2025-10-31 00:00:47,378 - flwr - INFO - Evaluation returned no results (`None`)
2025-10-31 00:00:47,378 - flwr - INFO - 
2025-10-31 00:00:47,380 - flwr - INFO - [ROUND 1]
2025-10-31 00:01:01,477 - flwr - INFO - configure_fit: strategy sampled 2 clients (out of 2)
2025-10-31 00:01:13,325 - flwr - INFO - aggregate_fit: received 2 results and 0 failures
2025-10-31 00:01:13,325 - Server - INFO - Round 1: Aggregating updates from 2 clients
2025-10-31 00:01:13,336 - flwr - WARNING - No fit_metrics_aggregation_fn provided
2025-10-31 00:01:13,336 - Server - INFO - Round 1: Global model parameters updated
2025-10-31 00:01:13,336 - Server - INFO - Model saved to SavedGlobalModel/model_round_1.pth
2025-10-31 00:01:13,336 - Server - INFO - Round 1: Saved checkpoint to model_round_1.pth
2025-10-31 00:01:13,341 - flwr - INFO - configure_evaluate: strategy sampled 2 clients (out of 2)
2025-10-31 00:01:13,593 - flwr - INFO - aggregate_evaluate: received 2 results and 0 failures
2025-10-31 00:01:13,593 - Server - INFO - Round 1: Aggregating evaluation results from 2 clients
2025-10-31 00:01:13,593 - Server - INFO - Aggregated metrics: {'accuracy': 0.8849305555555556}
2025-10-31 00:01:13,593 - flwr - INFO - 
2025-10-31 00:01:13,593 - flwr - INFO - [ROUND 2]
2025-10-31 00:01:13,593 - flwr - INFO - configure_fit: strategy sampled 2 clients (out of 2)
2025-10-31 00:01:26,207 - flwr - INFO - aggregate_fit: received 2 results and 0 failures
2025-10-31 00:01:26,207 - Server - INFO - Round 2: Aggregating updates from 2 clients
2025-10-31 00:01:26,212 - Server - INFO - Round 2: Global model parameters updated
2025-10-31 00:01:26,212 - flwr - INFO - configure_evaluate: strategy sampled 2 clients (out of 2)
2025-10-31 00:01:26,491 - flwr - INFO - aggregate_evaluate: received 2 results and 0 failures
2025-10-31 00:01:26,491 - Server - INFO - Round 2: Aggregating evaluation results from 2 clients
2025-10-31 00:01:26,491 - Server - INFO - Aggregated metrics: {'accuracy': 0.9499074074074074}
2025-10-31 00:01:26,491 - flwr - INFO - 
2025-10-31 00:01:26,491 - flwr - INFO - [ROUND 3]
2025-10-31 00:01:26,491 - flwr - INFO - configure_fit: strategy sampled 2 clients (out of 2)
2025-10-31 00:01:38,651 - flwr - INFO - aggregate_fit: received 2 results and 0 failures
2025-10-31 00:01:38,657 - Server - INFO - Round 3: Aggregating updates from 2 clients
2025-10-31 00:01:38,657 - Server - INFO - Round 3: Global model parameters updated
2025-10-31 00:01:38,657 - flwr - INFO - configure_evaluate: strategy sampled 2 clients (out of 2)
2025-10-31 00:01:38,949 - flwr - INFO - aggregate_evaluate: received 2 results and 0 failures
2025-10-31 00:01:38,949 - Server - INFO - Round 3: Aggregating evaluation results from 2 clients
2025-10-31 00:01:38,949 - Server - INFO - Aggregated metrics: {'accuracy': 0.9443518518518519}
2025-10-31 00:01:38,949 - flwr - INFO - 
2025-10-31 00:01:38,949 - flwr - INFO - [ROUND 4]
2025-10-31 00:01:38,949 - flwr - INFO - configure_fit: strategy sampled 2 clients (out of 2)
2025-10-31 00:01:51,515 - flwr - INFO - aggregate_fit: received 2 results and 0 failures
2025-10-31 00:01:51,515 - Server - INFO - Round 4: Aggregating updates from 2 clients
2025-10-31 00:01:51,518 - Server - INFO - Round 4: Global model parameters updated
2025-10-31 00:01:51,518 - flwr - INFO - configure_evaluate: strategy sampled 2 clients (out of 2)
2025-10-31 00:01:51,783 - flwr - INFO - aggregate_evaluate: received 2 results and 0 failures
2025-10-31 00:01:51,783 - Server - INFO - Round 4: Aggregating evaluation results from 2 clients
2025-10-31 00:01:51,783 - Server - INFO - Aggregated metrics: {'accuracy': 0.9405555555555556}
2025-10-31 00:01:51,783 - flwr - INFO - 
2025-10-31 00:01:51,783 - flwr - INFO - [ROUND 5]
2025-10-31 00:01:51,783 - flwr - INFO - configure_fit: strategy sampled 2 clients (out of 2)
2025-10-31 00:02:02,851 - flwr - INFO - aggregate_fit: received 2 results and 0 failures
2025-10-31 00:02:02,851 - Server - INFO - Round 5: Aggregating updates from 2 clients
2025-10-31 00:02:02,851 - Server - INFO - Round 5: Global model parameters updated
2025-10-31 00:02:02,856 - Server - INFO - Model saved to SavedGlobalModel/model_round_5.pth
2025-10-31 00:02:02,856 - Server - INFO - Round 5: Saved checkpoint to model_round_5.pth
2025-10-31 00:02:02,856 - flwr - INFO - configure_evaluate: strategy sampled 2 clients (out of 2)
2025-10-31 00:02:03,099 - flwr - INFO - aggregate_evaluate: received 2 results and 0 failures
2025-10-31 00:02:03,099 - Server - INFO - Round 5: Aggregating evaluation results from 2 clients
2025-10-31 00:02:03,099 - Server - INFO - Aggregated metrics: {'accuracy': 0.9390972222222222}
2025-10-31 00:02:03,099 - flwr - INFO - 
2025-10-31 00:02:03,099 - flwr - INFO - [ROUND 6]
2025-10-31 00:02:03,099 - flwr - INFO - configure_fit: strategy sampled 2 clients (out of 2)
2025-10-31 00:02:13,724 - flwr - INFO - aggregate_fit: received 2 results and 0 failures
2025-10-31 00:02:13,726 - Server - INFO - Round 6: Aggregating updates from 2 clients
2025-10-31 00:02:13,726 - Server - INFO - Round 6: Global model parameters updated
2025-10-31 00:02:13,726 - flwr - INFO - configure_evaluate: strategy sampled 2 clients (out of 2)
2025-10-31 00:02:13,977 - flwr - INFO - aggregate_evaluate: received 2 results and 0 failures
2025-10-31 00:02:13,977 - Server - INFO - Round 6: Aggregating evaluation results from 2 clients
2025-10-31 00:02:13,978 - Server - INFO - Aggregated metrics: {'accuracy': 0.9429861111111111}
2025-10-31 00:02:13,978 - flwr - INFO - 
2025-10-31 00:02:13,978 - flwr - INFO - [SUMMARY]
2025-10-31 00:02:13,978 - flwr - INFO - Run finished 6 round(s) in 86.60s
2025-10-31 00:02:13,979 - flwr - INFO - 	History (loss, distributed):
2025-10-31 00:02:13,979 - flwr - INFO - 		round 1: 0.2724573090672493
2025-10-31 00:02:13,979 - flwr - INFO - 		round 2: 0.17753782123327255
2025-10-31 00:02:13,980 - flwr - INFO - 		round 3: 0.16410884261131287
2025-10-31 00:02:13,980 - flwr - INFO - 		round 4: 0.18038441985845566
2025-10-31 00:02:13,981 - flwr - INFO - 		round 5: 0.17885209619998932
2025-10-31 00:02:13,981 - flwr - INFO - 		round 6: 0.17031872272491455
2025-10-31 00:02:13,981 - flwr - INFO - 	History (metrics, distributed, evaluate):
2025-10-31 00:02:13,982 - flwr - INFO - 	{'accuracy': [(1, 0.8849305555555556),
2025-10-31 00:02:13,982 - flwr - INFO - 	              (2, 0.9499074074074074),
2025-10-31 00:02:13,982 - flwr - INFO - 	              (3, 0.9443518518518519),
2025-10-31 00:02:13,983 - flwr - INFO - 	              (4, 0.9405555555555556),
2025-10-31 00:02:13,983 - flwr - INFO - 	              (5, 0.9390972222222222),
2025-10-31 00:02:13,983 - flwr - INFO - 	              (6, 0.9429861111111111)]}
2025-10-31 00:02:13,984 - flwr - INFO - 
2025-10-31 00:02:14,022 - Server - INFO - Model saved to SavedGlobalModel/final_model.pth
2025-10-31 00:02:14,022 - Server - INFO - Final model saved to SavedGlobalModel/final_model.pth
2025-10-31 00:02:43,232 - Server - INFO - SaveModelStrategy initialized
2025-10-31 00:02:43,232 - Server - INFO - Starting federated learning server at 0.0.0.0:8080
2025-10-31 00:02:43,232 - Server - INFO - Configuration: 6 rounds, 2 minimum clients
2025-10-31 00:02:43,232 - Server - INFO - Model: NeuralNetwork with 17 inputs, 10 classes
2025-10-31 00:02:43,236 - flwr - INFO - Starting Flower server, config: num_rounds=6, no round_timeout
2025-10-31 00:02:43,258 - flwr - INFO - Flower ECE: gRPC server running (6 rounds), SSL is disabled
2025-10-31 00:02:43,258 - flwr - INFO - [INIT]
2025-10-31 00:02:43,259 - flwr - INFO - Using initial global parameters provided by strategy
2025-10-31 00:02:43,260 - flwr - INFO - Starting evaluation of initial global parameters
2025-10-31 00:02:43,260 - flwr - INFO - Evaluation returned no results (`None`)
2025-10-31 00:02:43,261 - flwr - INFO - 
2025-10-31 00:02:43,261 - flwr - INFO - [ROUND 1]
2025-10-31 00:02:53,910 - flwr - INFO - configure_fit: strategy sampled 2 clients (out of 2)
2025-10-31 00:03:07,971 - flwr - INFO - aggregate_fit: received 2 results and 0 failures
2025-10-31 00:03:07,971 - Server - INFO - Round 1: Aggregating updates from 2 clients
2025-10-31 00:03:07,980 - flwr - WARNING - No fit_metrics_aggregation_fn provided
2025-10-31 00:03:07,980 - Server - INFO - Round 1: Global model parameters updated
2025-10-31 00:03:07,980 - Server - INFO - Model saved to SavedGlobalModel/model_round_1.pth
2025-10-31 00:03:07,980 - Server - INFO - Round 1: Saved checkpoint to model_round_1.pth
2025-10-31 00:03:07,980 - flwr - INFO - configure_evaluate: strategy sampled 2 clients (out of 2)
2025-10-31 00:03:08,346 - flwr - INFO - aggregate_evaluate: received 2 results and 0 failures
2025-10-31 00:03:08,346 - Server - INFO - Round 1: Aggregating evaluation results from 2 clients
2025-10-31 00:03:08,346 - Server - INFO - Aggregated metrics: {'accuracy': 0.9193055555555556}
2025-10-31 00:03:08,346 - flwr - INFO - 
2025-10-31 00:03:08,346 - flwr - INFO - [ROUND 2]
2025-10-31 00:03:08,346 - flwr - INFO - configure_fit: strategy sampled 2 clients (out of 2)
2025-10-31 00:03:20,544 - flwr - INFO - aggregate_fit: received 2 results and 0 failures
2025-10-31 00:03:20,544 - Server - INFO - Round 2: Aggregating updates from 2 clients
2025-10-31 00:03:20,544 - Server - INFO - Round 2: Global model parameters updated
2025-10-31 00:03:20,544 - flwr - INFO - configure_evaluate: strategy sampled 2 clients (out of 2)
2025-10-31 00:03:20,845 - flwr - INFO - aggregate_evaluate: received 2 results and 0 failures
2025-10-31 00:03:20,845 - Server - INFO - Round 2: Aggregating evaluation results from 2 clients
2025-10-31 00:03:20,845 - Server - INFO - Aggregated metrics: {'accuracy': 0.9547916666666667}
2025-10-31 00:03:20,845 - flwr - INFO - 
2025-10-31 00:03:20,845 - flwr - INFO - [ROUND 3]
2025-10-31 00:03:20,845 - flwr - INFO - configure_fit: strategy sampled 2 clients (out of 2)
2025-10-31 00:03:33,240 - flwr - INFO - aggregate_fit: received 2 results and 0 failures
2025-10-31 00:03:33,240 - Server - INFO - Round 3: Aggregating updates from 2 clients
2025-10-31 00:03:33,240 - Server - INFO - Round 3: Global model parameters updated
2025-10-31 00:03:33,240 - flwr - INFO - configure_evaluate: strategy sampled 2 clients (out of 2)
2025-10-31 00:03:33,520 - flwr - INFO - aggregate_evaluate: received 2 results and 0 failures
2025-10-31 00:03:33,520 - Server - INFO - Round 3: Aggregating evaluation results from 2 clients
2025-10-31 00:03:33,520 - Server - INFO - Aggregated metrics: {'accuracy': 0.9574305555555556}
2025-10-31 00:03:33,520 - flwr - INFO - 
2025-10-31 00:03:33,520 - flwr - INFO - [ROUND 4]
2025-10-31 00:03:33,520 - flwr - INFO - configure_fit: strategy sampled 2 clients (out of 2)
2025-10-31 00:03:48,080 - flwr - INFO - aggregate_fit: received 2 results and 0 failures
2025-10-31 00:03:48,081 - Server - INFO - Round 4: Aggregating updates from 2 clients
2025-10-31 00:03:48,081 - Server - INFO - Round 4: Global model parameters updated
2025-10-31 00:03:48,083 - flwr - INFO - configure_evaluate: strategy sampled 2 clients (out of 2)
2025-10-31 00:03:48,429 - flwr - INFO - aggregate_evaluate: received 2 results and 0 failures
2025-10-31 00:03:48,429 - Server - INFO - Round 4: Aggregating evaluation results from 2 clients
2025-10-31 00:03:48,429 - Server - INFO - Aggregated metrics: {'accuracy': 0.9568981481481481}
2025-10-31 00:03:48,429 - flwr - INFO - 
2025-10-31 00:03:48,429 - flwr - INFO - [ROUND 5]
2025-10-31 00:03:48,429 - flwr - INFO - configure_fit: strategy sampled 2 clients (out of 2)
2025-10-31 00:04:01,550 - flwr - INFO - aggregate_fit: received 2 results and 0 failures
2025-10-31 00:04:01,550 - Server - INFO - Round 5: Aggregating updates from 2 clients
2025-10-31 00:04:01,552 - Server - INFO - Round 5: Global model parameters updated
2025-10-31 00:04:01,555 - Server - INFO - Model saved to SavedGlobalModel/model_round_5.pth
2025-10-31 00:04:01,555 - Server - INFO - Round 5: Saved checkpoint to model_round_5.pth
2025-10-31 00:04:01,555 - flwr - INFO - configure_evaluate: strategy sampled 2 clients (out of 2)
2025-10-31 00:04:01,977 - flwr - INFO - aggregate_evaluate: received 2 results and 0 failures
2025-10-31 00:04:01,977 - Server - INFO - Round 5: Aggregating evaluation results from 2 clients
2025-10-31 00:04:01,977 - Server - INFO - Aggregated metrics: {'accuracy': 0.9554861111111111}
2025-10-31 00:04:01,977 - flwr - INFO - 
2025-10-31 00:04:01,977 - flwr - INFO - [ROUND 6]
2025-10-31 00:04:01,977 - flwr - INFO - configure_fit: strategy sampled 2 clients (out of 2)
2025-10-31 00:04:15,468 - flwr - INFO - aggregate_fit: received 2 results and 0 failures
2025-10-31 00:04:15,468 - Server - INFO - Round 6: Aggregating updates from 2 clients
2025-10-31 00:04:15,468 - Server - INFO - Round 6: Global model parameters updated
2025-10-31 00:04:15,468 - flwr - INFO - configure_evaluate: strategy sampled 2 clients (out of 2)
2025-10-31 00:04:15,738 - flwr - INFO - aggregate_evaluate: received 2 results and 0 failures
2025-10-31 00:04:15,738 - Server - INFO - Round 6: Aggregating evaluation results from 2 clients
2025-10-31 00:04:15,738 - Server - INFO - Aggregated metrics: {'accuracy': 0.9517824074074074}
2025-10-31 00:04:15,738 - flwr - INFO - 
2025-10-31 00:04:15,741 - flwr - INFO - [SUMMARY]
2025-10-31 00:04:15,742 - flwr - INFO - Run finished 6 round(s) in 92.48s
2025-10-31 00:04:15,742 - flwr - INFO - 	History (loss, distributed):
2025-10-31 00:04:15,742 - flwr - INFO - 		round 1: 0.24891939014196396
2025-10-31 00:04:15,742 - flwr - INFO - 		round 2: 0.15499576926231384
2025-10-31 00:04:15,743 - flwr - INFO - 		round 3: 0.1433379054069519
2025-10-31 00:04:15,743 - flwr - INFO - 		round 4: 0.132259339094162
2025-10-31 00:04:15,743 - flwr - INFO - 		round 5: 0.12518897280097008
2025-10-31 00:04:15,743 - flwr - INFO - 		round 6: 0.12823119014501572
2025-10-31 00:04:15,743 - flwr - INFO - 	History (metrics, distributed, evaluate):
2025-10-31 00:04:15,743 - flwr - INFO - 	{'accuracy': [(1, 0.9193055555555556),
2025-10-31 00:04:15,743 - flwr - INFO - 	              (2, 0.9547916666666667),
2025-10-31 00:04:15,743 - flwr - INFO - 	              (3, 0.9574305555555556),
2025-10-31 00:04:15,743 - flwr - INFO - 	              (4, 0.9568981481481481),
2025-10-31 00:04:15,743 - flwr - INFO - 	              (5, 0.9554861111111111),
2025-10-31 00:04:15,743 - flwr - INFO - 	              (6, 0.9517824074074074)]}
2025-10-31 00:04:15,743 - flwr - INFO - 
2025-10-31 00:04:15,792 - Server - INFO - Model saved to SavedGlobalModel/final_model.pth
2025-10-31 00:04:15,794 - Server - INFO - Final model saved to SavedGlobalModel/final_model.pth
2025-10-31 00:04:42,124 - Server - INFO - SaveModelStrategy initialized
2025-10-31 00:04:42,124 - Server - INFO - Starting federated learning server at 0.0.0.0:8080
2025-10-31 00:04:42,124 - Server - INFO - Configuration: 7 rounds, 2 minimum clients
2025-10-31 00:04:42,124 - Server - INFO - Model: NeuralNetwork with 17 inputs, 10 classes
2025-10-31 00:04:42,124 - flwr - INFO - Starting Flower server, config: num_rounds=7, no round_timeout
2025-10-31 00:04:42,141 - flwr - INFO - Flower ECE: gRPC server running (7 rounds), SSL is disabled
2025-10-31 00:04:42,141 - flwr - INFO - [INIT]
2025-10-31 00:04:42,147 - flwr - INFO - Using initial global parameters provided by strategy
2025-10-31 00:04:42,148 - flwr - INFO - Starting evaluation of initial global parameters
2025-10-31 00:04:42,148 - flwr - INFO - Evaluation returned no results (`None`)
2025-10-31 00:04:42,169 - flwr - INFO - 
2025-10-31 00:04:42,169 - flwr - INFO - [ROUND 1]
2025-10-31 00:04:49,952 - flwr - INFO - configure_fit: strategy sampled 2 clients (out of 2)
2025-10-31 00:05:03,589 - flwr - INFO - aggregate_fit: received 2 results and 0 failures
2025-10-31 00:05:03,589 - Server - INFO - Round 1: Aggregating updates from 2 clients
2025-10-31 00:05:03,598 - flwr - WARNING - No fit_metrics_aggregation_fn provided
2025-10-31 00:05:03,599 - Server - INFO - Round 1: Global model parameters updated
2025-10-31 00:05:03,599 - Server - INFO - Model saved to SavedGlobalModel/model_round_1.pth
2025-10-31 00:05:03,599 - Server - INFO - Round 1: Saved checkpoint to model_round_1.pth
2025-10-31 00:05:03,599 - flwr - INFO - configure_evaluate: strategy sampled 2 clients (out of 2)
2025-10-31 00:05:03,952 - flwr - INFO - aggregate_evaluate: received 2 results and 0 failures
2025-10-31 00:05:03,956 - Server - INFO - Round 1: Aggregating evaluation results from 2 clients
2025-10-31 00:05:03,956 - Server - INFO - Aggregated metrics: {'accuracy': 0.9223611111111111}
2025-10-31 00:05:03,956 - flwr - INFO - 
2025-10-31 00:05:03,956 - flwr - INFO - [ROUND 2]
2025-10-31 00:05:03,956 - flwr - INFO - configure_fit: strategy sampled 2 clients (out of 2)
2025-10-31 00:05:17,393 - flwr - INFO - aggregate_fit: received 2 results and 0 failures
2025-10-31 00:05:17,393 - Server - INFO - Round 2: Aggregating updates from 2 clients
2025-10-31 00:05:17,393 - Server - INFO - Round 2: Global model parameters updated
2025-10-31 00:05:17,393 - flwr - INFO - configure_evaluate: strategy sampled 2 clients (out of 2)
2025-10-31 00:05:17,694 - flwr - INFO - aggregate_evaluate: received 2 results and 0 failures
2025-10-31 00:05:17,694 - Server - INFO - Round 2: Aggregating evaluation results from 2 clients
2025-10-31 00:05:17,694 - Server - INFO - Aggregated metrics: {'accuracy': 0.9523148148148148}
2025-10-31 00:05:17,694 - flwr - INFO - 
2025-10-31 00:05:17,694 - flwr - INFO - [ROUND 3]
2025-10-31 00:05:17,694 - flwr - INFO - configure_fit: strategy sampled 2 clients (out of 2)
2025-10-31 00:05:29,852 - flwr - INFO - aggregate_fit: received 2 results and 0 failures
2025-10-31 00:05:29,852 - Server - INFO - Round 3: Aggregating updates from 2 clients
2025-10-31 00:05:29,852 - Server - INFO - Round 3: Global model parameters updated
2025-10-31 00:05:29,852 - flwr - INFO - configure_evaluate: strategy sampled 2 clients (out of 2)
2025-10-31 00:05:30,104 - flwr - INFO - aggregate_evaluate: received 2 results and 0 failures
2025-10-31 00:05:30,104 - Server - INFO - Round 3: Aggregating evaluation results from 2 clients
2025-10-31 00:05:30,104 - Server - INFO - Aggregated metrics: {'accuracy': 0.9422453703703704}
2025-10-31 00:05:30,104 - flwr - INFO - 
2025-10-31 00:05:30,104 - flwr - INFO - [ROUND 4]
2025-10-31 00:05:30,104 - flwr - INFO - configure_fit: strategy sampled 2 clients (out of 2)
2025-10-31 00:05:42,561 - flwr - INFO - aggregate_fit: received 2 results and 0 failures
2025-10-31 00:05:42,561 - Server - INFO - Round 4: Aggregating updates from 2 clients
2025-10-31 00:05:42,561 - Server - INFO - Round 4: Global model parameters updated
2025-10-31 00:05:42,561 - flwr - INFO - configure_evaluate: strategy sampled 2 clients (out of 2)
2025-10-31 00:05:42,853 - flwr - INFO - aggregate_evaluate: received 2 results and 0 failures
2025-10-31 00:05:42,853 - Server - INFO - Round 4: Aggregating evaluation results from 2 clients
2025-10-31 00:05:42,853 - Server - INFO - Aggregated metrics: {'accuracy': 0.9478935185185186}
2025-10-31 00:05:42,853 - flwr - INFO - 
2025-10-31 00:05:42,853 - flwr - INFO - [ROUND 5]
2025-10-31 00:05:42,853 - flwr - INFO - configure_fit: strategy sampled 2 clients (out of 2)
2025-10-31 00:05:54,344 - flwr - INFO - aggregate_fit: received 2 results and 0 failures
2025-10-31 00:05:54,344 - Server - INFO - Round 5: Aggregating updates from 2 clients
2025-10-31 00:05:54,344 - Server - INFO - Round 5: Global model parameters updated
2025-10-31 00:05:54,344 - Server - INFO - Model saved to SavedGlobalModel/model_round_5.pth
2025-10-31 00:05:54,344 - Server - INFO - Round 5: Saved checkpoint to model_round_5.pth
2025-10-31 00:05:54,344 - flwr - INFO - configure_evaluate: strategy sampled 2 clients (out of 2)
2025-10-31 00:05:54,611 - flwr - INFO - aggregate_evaluate: received 2 results and 0 failures
2025-10-31 00:05:54,611 - Server - INFO - Round 5: Aggregating evaluation results from 2 clients
2025-10-31 00:05:54,611 - Server - INFO - Aggregated metrics: {'accuracy': 0.9421990740740741}
2025-10-31 00:05:54,611 - flwr - INFO - 
2025-10-31 00:05:54,611 - flwr - INFO - [ROUND 6]
2025-10-31 00:05:54,611 - flwr - INFO - configure_fit: strategy sampled 2 clients (out of 2)
2025-10-31 00:06:07,044 - flwr - INFO - aggregate_fit: received 2 results and 0 failures
2025-10-31 00:06:07,044 - Server - INFO - Round 6: Aggregating updates from 2 clients
2025-10-31 00:06:07,044 - Server - INFO - Round 6: Global model parameters updated
2025-10-31 00:06:07,044 - flwr - INFO - configure_evaluate: strategy sampled 2 clients (out of 2)
2025-10-31 00:06:07,350 - flwr - INFO - aggregate_evaluate: received 2 results and 0 failures
2025-10-31 00:06:07,350 - Server - INFO - Round 6: Aggregating evaluation results from 2 clients
2025-10-31 00:06:07,350 - Server - INFO - Aggregated metrics: {'accuracy': 0.9470138888888889}
2025-10-31 00:06:07,350 - flwr - INFO - 
2025-10-31 00:06:07,350 - flwr - INFO - [ROUND 7]
2025-10-31 00:06:07,350 - flwr - INFO - configure_fit: strategy sampled 2 clients (out of 2)
2025-10-31 00:06:18,104 - flwr - INFO - aggregate_fit: received 2 results and 0 failures
2025-10-31 00:06:18,109 - Server - INFO - Round 7: Aggregating updates from 2 clients
2025-10-31 00:06:18,109 - Server - INFO - Round 7: Global model parameters updated
2025-10-31 00:06:18,109 - flwr - INFO - configure_evaluate: strategy sampled 2 clients (out of 2)
2025-10-31 00:06:18,351 - flwr - INFO - aggregate_evaluate: received 2 results and 0 failures
2025-10-31 00:06:18,356 - Server - INFO - Round 7: Aggregating evaluation results from 2 clients
2025-10-31 00:06:18,356 - Server - INFO - Aggregated metrics: {'accuracy': 0.9492361111111111}
2025-10-31 00:06:18,357 - flwr - INFO - 
2025-10-31 00:06:18,357 - flwr - INFO - [SUMMARY]
2025-10-31 00:06:18,357 - flwr - INFO - Run finished 7 round(s) in 96.19s
2025-10-31 00:06:18,357 - flwr - INFO - 	History (loss, distributed):
2025-10-31 00:06:18,357 - flwr - INFO - 		round 1: 0.20388952642679214
2025-10-31 00:06:18,357 - flwr - INFO - 		round 2: 0.1633300893008709
2025-10-31 00:06:18,357 - flwr - INFO - 		round 3: 0.16677597910165787
2025-10-31 00:06:18,357 - flwr - INFO - 		round 4: 0.1564493179321289
2025-10-31 00:06:18,357 - flwr - INFO - 		round 5: 0.1711469292640686
2025-10-31 00:06:18,357 - flwr - INFO - 		round 6: 0.15702781826257706
2025-10-31 00:06:18,357 - flwr - INFO - 		round 7: 0.15449320897459984
2025-10-31 00:06:18,357 - flwr - INFO - 	History (metrics, distributed, evaluate):
2025-10-31 00:06:18,357 - flwr - INFO - 	{'accuracy': [(1, 0.9223611111111111),
2025-10-31 00:06:18,361 - flwr - INFO - 	              (2, 0.9523148148148148),
2025-10-31 00:06:18,361 - flwr - INFO - 	              (3, 0.9422453703703704),
2025-10-31 00:06:18,361 - flwr - INFO - 	              (4, 0.9478935185185186),
2025-10-31 00:06:18,361 - flwr - INFO - 	              (5, 0.9421990740740741),
2025-10-31 00:06:18,361 - flwr - INFO - 	              (6, 0.9470138888888889),
2025-10-31 00:06:18,361 - flwr - INFO - 	              (7, 0.9492361111111111)]}
2025-10-31 00:06:18,361 - flwr - INFO - 
2025-10-31 00:06:18,410 - Server - INFO - Model saved to SavedGlobalModel/final_model.pth
2025-10-31 00:06:18,412 - Server - INFO - Final model saved to SavedGlobalModel/final_model.pth
2025-10-31 00:08:12,704 - Server - INFO - SaveModelStrategy initialized
2025-10-31 00:08:12,704 - Server - INFO - Starting federated learning server at 0.0.0.0:8080
2025-10-31 00:08:12,704 - Server - INFO - Configuration: 15 rounds, 2 minimum clients
2025-10-31 00:08:12,704 - Server - INFO - Model: NeuralNetwork with 17 inputs, 10 classes
2025-10-31 00:08:12,704 - flwr - INFO - Starting Flower server, config: num_rounds=15, no round_timeout
2025-10-31 00:08:12,751 - flwr - INFO - Flower ECE: gRPC server running (15 rounds), SSL is disabled
2025-10-31 00:08:12,752 - flwr - INFO - [INIT]
2025-10-31 00:08:12,752 - flwr - INFO - Using initial global parameters provided by strategy
2025-10-31 00:08:12,753 - flwr - INFO - Starting evaluation of initial global parameters
2025-10-31 00:08:12,754 - flwr - INFO - Evaluation returned no results (`None`)
2025-10-31 00:08:12,754 - flwr - INFO - 
2025-10-31 00:08:12,755 - flwr - INFO - [ROUND 1]
2025-10-31 00:08:21,015 - flwr - INFO - configure_fit: strategy sampled 2 clients (out of 2)
2025-10-31 00:08:34,115 - flwr - INFO - aggregate_fit: received 2 results and 0 failures
2025-10-31 00:08:34,115 - Server - INFO - Round 1: Aggregating updates from 2 clients
2025-10-31 00:08:34,115 - flwr - WARNING - No fit_metrics_aggregation_fn provided
2025-10-31 00:08:34,115 - Server - INFO - Round 1: Global model parameters updated
2025-10-31 00:08:34,123 - Server - INFO - Model saved to SavedGlobalModel/model_round_1.pth
2025-10-31 00:08:34,123 - Server - INFO - Round 1: Saved checkpoint to model_round_1.pth
2025-10-31 00:08:34,123 - flwr - INFO - configure_evaluate: strategy sampled 2 clients (out of 2)
2025-10-31 00:08:34,503 - flwr - INFO - aggregate_evaluate: received 2 results and 0 failures
2025-10-31 00:08:34,503 - Server - INFO - Round 1: Aggregating evaluation results from 2 clients
2025-10-31 00:08:34,507 - Server - INFO - Aggregated metrics: {'accuracy': 0.9004398148148148}
2025-10-31 00:08:34,507 - flwr - INFO - 
2025-10-31 00:08:34,507 - flwr - INFO - [ROUND 2]
2025-10-31 00:08:34,507 - flwr - INFO - configure_fit: strategy sampled 2 clients (out of 2)
2025-10-31 00:08:54,539 - flwr - INFO - aggregate_fit: received 2 results and 0 failures
2025-10-31 00:08:54,539 - Server - INFO - Round 2: Aggregating updates from 2 clients
2025-10-31 00:08:54,541 - Server - INFO - Round 2: Global model parameters updated
2025-10-31 00:08:54,541 - flwr - INFO - configure_evaluate: strategy sampled 2 clients (out of 2)
2025-10-31 00:08:55,190 - flwr - INFO - aggregate_evaluate: received 2 results and 0 failures
2025-10-31 00:08:55,191 - Server - INFO - Round 2: Aggregating evaluation results from 2 clients
2025-10-31 00:08:55,191 - Server - INFO - Aggregated metrics: {'accuracy': 0.9486574074074074}
2025-10-31 00:08:55,193 - flwr - INFO - 
2025-10-31 00:08:55,194 - flwr - INFO - [ROUND 3]
2025-10-31 00:08:55,194 - flwr - INFO - configure_fit: strategy sampled 2 clients (out of 2)
2025-10-31 00:09:14,958 - flwr - INFO - aggregate_fit: received 2 results and 0 failures
2025-10-31 00:09:14,958 - Server - INFO - Round 3: Aggregating updates from 2 clients
2025-10-31 00:09:14,958 - Server - INFO - Round 3: Global model parameters updated
2025-10-31 00:09:14,958 - flwr - INFO - configure_evaluate: strategy sampled 2 clients (out of 2)
2025-10-31 00:09:15,344 - flwr - INFO - aggregate_evaluate: received 2 results and 0 failures
2025-10-31 00:09:15,345 - Server - INFO - Round 3: Aggregating evaluation results from 2 clients
2025-10-31 00:09:15,345 - Server - INFO - Aggregated metrics: {'accuracy': 0.9524537037037037}
2025-10-31 00:09:15,346 - flwr - INFO - 
2025-10-31 00:09:15,346 - flwr - INFO - [ROUND 4]
2025-10-31 00:09:15,346 - flwr - INFO - configure_fit: strategy sampled 2 clients (out of 2)
2025-10-31 00:09:28,318 - flwr - INFO - aggregate_fit: received 2 results and 0 failures
2025-10-31 00:09:28,318 - Server - INFO - Round 4: Aggregating updates from 2 clients
2025-10-31 00:09:28,318 - Server - INFO - Round 4: Global model parameters updated
2025-10-31 00:09:28,318 - flwr - INFO - configure_evaluate: strategy sampled 2 clients (out of 2)
2025-10-31 00:09:28,579 - flwr - INFO - aggregate_evaluate: received 2 results and 0 failures
2025-10-31 00:09:28,579 - Server - INFO - Round 4: Aggregating evaluation results from 2 clients
2025-10-31 00:09:28,579 - Server - INFO - Aggregated metrics: {'accuracy': 0.9521296296296297}
2025-10-31 00:09:28,579 - flwr - INFO - 
2025-10-31 00:09:28,579 - flwr - INFO - [ROUND 5]
2025-10-31 00:09:28,579 - flwr - INFO - configure_fit: strategy sampled 2 clients (out of 2)
2025-10-31 00:09:39,505 - flwr - INFO - aggregate_fit: received 2 results and 0 failures
2025-10-31 00:09:39,505 - Server - INFO - Round 5: Aggregating updates from 2 clients
2025-10-31 00:09:39,505 - Server - INFO - Round 5: Global model parameters updated
2025-10-31 00:09:39,505 - Server - INFO - Model saved to SavedGlobalModel/model_round_5.pth
2025-10-31 00:09:39,505 - Server - INFO - Round 5: Saved checkpoint to model_round_5.pth
2025-10-31 00:09:39,505 - flwr - INFO - configure_evaluate: strategy sampled 2 clients (out of 2)
2025-10-31 00:09:39,811 - flwr - INFO - aggregate_evaluate: received 2 results and 0 failures
2025-10-31 00:09:39,815 - Server - INFO - Round 5: Aggregating evaluation results from 2 clients
2025-10-31 00:09:39,816 - Server - INFO - Aggregated metrics: {'accuracy': 0.9500694444444444}
2025-10-31 00:09:39,816 - flwr - INFO - 
2025-10-31 00:09:39,816 - flwr - INFO - [ROUND 6]
2025-10-31 00:09:39,816 - flwr - INFO - configure_fit: strategy sampled 2 clients (out of 2)
2025-10-31 00:09:50,700 - flwr - INFO - aggregate_fit: received 2 results and 0 failures
2025-10-31 00:09:50,700 - Server - INFO - Round 6: Aggregating updates from 2 clients
2025-10-31 00:09:50,700 - Server - INFO - Round 6: Global model parameters updated
2025-10-31 00:09:50,700 - flwr - INFO - configure_evaluate: strategy sampled 2 clients (out of 2)
2025-10-31 00:09:50,959 - flwr - INFO - aggregate_evaluate: received 2 results and 0 failures
2025-10-31 00:09:50,963 - Server - INFO - Round 6: Aggregating evaluation results from 2 clients
2025-10-31 00:09:50,963 - Server - INFO - Aggregated metrics: {'accuracy': 0.9444444444444444}
2025-10-31 00:09:50,963 - flwr - INFO - 
2025-10-31 00:09:50,963 - flwr - INFO - [ROUND 7]
2025-10-31 00:09:50,964 - flwr - INFO - configure_fit: strategy sampled 2 clients (out of 2)
2025-10-31 00:10:02,382 - flwr - INFO - aggregate_fit: received 2 results and 0 failures
2025-10-31 00:10:02,383 - Server - INFO - Round 7: Aggregating updates from 2 clients
2025-10-31 00:10:02,384 - Server - INFO - Round 7: Global model parameters updated
2025-10-31 00:10:02,384 - flwr - INFO - configure_evaluate: strategy sampled 2 clients (out of 2)
2025-10-31 00:10:02,718 - flwr - INFO - aggregate_evaluate: received 2 results and 0 failures
2025-10-31 00:10:02,718 - Server - INFO - Round 7: Aggregating evaluation results from 2 clients
2025-10-31 00:10:02,718 - Server - INFO - Aggregated metrics: {'accuracy': 0.9528009259259259}
2025-10-31 00:10:02,718 - flwr - INFO - 
2025-10-31 00:10:02,718 - flwr - INFO - [ROUND 8]
2025-10-31 00:10:02,718 - flwr - INFO - configure_fit: strategy sampled 2 clients (out of 2)
2025-10-31 00:10:15,784 - flwr - INFO - aggregate_fit: received 2 results and 0 failures
2025-10-31 00:10:15,786 - Server - INFO - Round 8: Aggregating updates from 2 clients
2025-10-31 00:10:15,786 - Server - INFO - Round 8: Global model parameters updated
2025-10-31 00:10:15,786 - flwr - INFO - configure_evaluate: strategy sampled 2 clients (out of 2)
2025-10-31 00:10:16,077 - flwr - INFO - aggregate_evaluate: received 2 results and 0 failures
2025-10-31 00:10:16,077 - Server - INFO - Round 8: Aggregating evaluation results from 2 clients
2025-10-31 00:10:16,077 - Server - INFO - Aggregated metrics: {'accuracy': 0.9527083333333334}
2025-10-31 00:10:16,077 - flwr - INFO - 
2025-10-31 00:10:16,077 - flwr - INFO - [ROUND 9]
2025-10-31 00:10:16,077 - flwr - INFO - configure_fit: strategy sampled 2 clients (out of 2)
2025-10-31 00:10:27,142 - flwr - INFO - aggregate_fit: received 2 results and 0 failures
2025-10-31 00:10:27,142 - Server - INFO - Round 9: Aggregating updates from 2 clients
2025-10-31 00:10:27,147 - Server - INFO - Round 9: Global model parameters updated
2025-10-31 00:10:27,147 - flwr - INFO - configure_evaluate: strategy sampled 2 clients (out of 2)
2025-10-31 00:10:27,384 - flwr - INFO - aggregate_evaluate: received 2 results and 0 failures
2025-10-31 00:10:27,384 - Server - INFO - Round 9: Aggregating evaluation results from 2 clients
2025-10-31 00:10:27,384 - Server - INFO - Aggregated metrics: {'accuracy': 0.958587962962963}
2025-10-31 00:10:27,384 - flwr - INFO - 
2025-10-31 00:10:27,384 - flwr - INFO - [ROUND 10]
2025-10-31 00:10:27,384 - flwr - INFO - configure_fit: strategy sampled 2 clients (out of 2)
2025-10-31 00:10:38,394 - flwr - INFO - aggregate_fit: received 2 results and 0 failures
2025-10-31 00:10:38,394 - Server - INFO - Round 10: Aggregating updates from 2 clients
2025-10-31 00:10:38,394 - Server - INFO - Round 10: Global model parameters updated
2025-10-31 00:10:38,394 - Server - INFO - Model saved to SavedGlobalModel/model_round_10.pth
2025-10-31 00:10:38,394 - Server - INFO - Round 10: Saved checkpoint to model_round_10.pth
2025-10-31 00:10:38,394 - flwr - INFO - configure_evaluate: strategy sampled 2 clients (out of 2)
2025-10-31 00:10:38,665 - flwr - INFO - aggregate_evaluate: received 2 results and 0 failures
2025-10-31 00:10:38,667 - Server - INFO - Round 10: Aggregating evaluation results from 2 clients
2025-10-31 00:10:38,668 - Server - INFO - Aggregated metrics: {'accuracy': 0.9543518518518519}
2025-10-31 00:10:38,668 - flwr - INFO - 
2025-10-31 00:10:38,668 - flwr - INFO - [ROUND 11]
2025-10-31 00:10:38,668 - flwr - INFO - configure_fit: strategy sampled 2 clients (out of 2)
2025-10-31 00:10:51,230 - flwr - INFO - aggregate_fit: received 2 results and 0 failures
2025-10-31 00:10:51,231 - Server - INFO - Round 11: Aggregating updates from 2 clients
2025-10-31 00:10:51,232 - Server - INFO - Round 11: Global model parameters updated
2025-10-31 00:10:51,233 - flwr - INFO - configure_evaluate: strategy sampled 2 clients (out of 2)
2025-10-31 00:10:51,632 - flwr - INFO - aggregate_evaluate: received 2 results and 0 failures
2025-10-31 00:10:51,632 - Server - INFO - Round 11: Aggregating evaluation results from 2 clients
2025-10-31 00:10:51,632 - Server - INFO - Aggregated metrics: {'accuracy': 0.9498611111111112}
2025-10-31 00:10:51,632 - flwr - INFO - 
2025-10-31 00:10:51,632 - flwr - INFO - [ROUND 12]
2025-10-31 00:10:51,632 - flwr - INFO - configure_fit: strategy sampled 2 clients (out of 2)
2025-10-31 00:11:07,685 - flwr - INFO - aggregate_fit: received 2 results and 0 failures
2025-10-31 00:11:07,685 - Server - INFO - Round 12: Aggregating updates from 2 clients
2025-10-31 00:11:07,685 - Server - INFO - Round 12: Global model parameters updated
2025-10-31 00:11:07,685 - flwr - INFO - configure_evaluate: strategy sampled 2 clients (out of 2)
2025-10-31 00:11:08,086 - flwr - INFO - aggregate_evaluate: received 2 results and 0 failures
2025-10-31 00:11:08,087 - Server - INFO - Round 12: Aggregating evaluation results from 2 clients
2025-10-31 00:11:08,088 - Server - INFO - Aggregated metrics: {'accuracy': 0.9584490740740741}
2025-10-31 00:11:08,088 - flwr - INFO - 
2025-10-31 00:11:08,089 - flwr - INFO - [ROUND 13]
2025-10-31 00:11:08,089 - flwr - INFO - configure_fit: strategy sampled 2 clients (out of 2)
2025-10-31 00:11:23,194 - flwr - INFO - aggregate_fit: received 2 results and 0 failures
2025-10-31 00:11:23,194 - Server - INFO - Round 13: Aggregating updates from 2 clients
2025-10-31 00:11:23,194 - Server - INFO - Round 13: Global model parameters updated
2025-10-31 00:11:23,201 - flwr - INFO - configure_evaluate: strategy sampled 2 clients (out of 2)
2025-10-31 00:11:23,581 - flwr - INFO - aggregate_evaluate: received 2 results and 0 failures
2025-10-31 00:11:23,581 - Server - INFO - Round 13: Aggregating evaluation results from 2 clients
2025-10-31 00:11:23,590 - Server - INFO - Aggregated metrics: {'accuracy': 0.9561342592592592}
2025-10-31 00:11:23,590 - flwr - INFO - 
2025-10-31 00:11:23,590 - flwr - INFO - [ROUND 14]
2025-10-31 00:11:23,590 - flwr - INFO - configure_fit: strategy sampled 2 clients (out of 2)
2025-10-31 00:11:34,625 - flwr - INFO - aggregate_fit: received 2 results and 0 failures
2025-10-31 00:11:34,625 - Server - INFO - Round 14: Aggregating updates from 2 clients
2025-10-31 00:11:34,625 - Server - INFO - Round 14: Global model parameters updated
2025-10-31 00:11:34,625 - flwr - INFO - configure_evaluate: strategy sampled 2 clients (out of 2)
2025-10-31 00:11:34,887 - flwr - INFO - aggregate_evaluate: received 2 results and 0 failures
2025-10-31 00:11:34,887 - Server - INFO - Round 14: Aggregating evaluation results from 2 clients
2025-10-31 00:11:34,887 - Server - INFO - Aggregated metrics: {'accuracy': 0.9542824074074074}
2025-10-31 00:11:34,887 - flwr - INFO - 
2025-10-31 00:11:34,887 - flwr - INFO - [ROUND 15]
2025-10-31 00:11:34,887 - flwr - INFO - configure_fit: strategy sampled 2 clients (out of 2)
2025-10-31 00:11:46,853 - flwr - INFO - aggregate_fit: received 2 results and 0 failures
2025-10-31 00:11:46,853 - Server - INFO - Round 15: Aggregating updates from 2 clients
2025-10-31 00:11:46,853 - Server - INFO - Round 15: Global model parameters updated
2025-10-31 00:11:46,859 - Server - INFO - Model saved to SavedGlobalModel/model_round_15.pth
2025-10-31 00:11:46,859 - Server - INFO - Round 15: Saved checkpoint to model_round_15.pth
2025-10-31 00:11:46,859 - flwr - INFO - configure_evaluate: strategy sampled 2 clients (out of 2)
2025-10-31 00:11:47,143 - flwr - INFO - aggregate_evaluate: received 2 results and 0 failures
2025-10-31 00:11:47,143 - Server - INFO - Round 15: Aggregating evaluation results from 2 clients
2025-10-31 00:11:47,143 - Server - INFO - Aggregated metrics: {'accuracy': 0.9536805555555555}
2025-10-31 00:11:47,143 - flwr - INFO - 
2025-10-31 00:11:47,143 - flwr - INFO - [SUMMARY]
2025-10-31 00:11:47,143 - flwr - INFO - Run finished 15 round(s) in 214.39s
2025-10-31 00:11:47,143 - flwr - INFO - 	History (loss, distributed):
2025-10-31 00:11:47,143 - flwr - INFO - 		round 1: 0.22483130544424057
2025-10-31 00:11:47,143 - flwr - INFO - 		round 2: 0.15084408968687057
2025-10-31 00:11:47,143 - flwr - INFO - 		round 3: 0.13998167216777802
2025-10-31 00:11:47,143 - flwr - INFO - 		round 4: 0.13190940022468567
2025-10-31 00:11:47,143 - flwr - INFO - 		round 5: 0.12477067857980728
2025-10-31 00:11:47,143 - flwr - INFO - 		round 6: 0.13408469781279564
2025-10-31 00:11:47,143 - flwr - INFO - 		round 7: 0.117848951369524
2025-10-31 00:11:47,143 - flwr - INFO - 		round 8: 0.12491832673549652
2025-10-31 00:11:47,143 - flwr - INFO - 		round 9: 0.11857357248663902
2025-10-31 00:11:47,143 - flwr - INFO - 		round 10: 0.1176937110722065
2025-10-31 00:11:47,143 - flwr - INFO - 		round 11: 0.1323503777384758
2025-10-31 00:11:47,143 - flwr - INFO - 		round 12: 0.12892717495560646
2025-10-31 00:11:47,143 - flwr - INFO - 		round 13: 0.12246255204081535
2025-10-31 00:11:47,143 - flwr - INFO - 		round 14: 0.12629864364862442
2025-10-31 00:11:47,143 - flwr - INFO - 		round 15: 0.1340506412088871
2025-10-31 00:11:47,143 - flwr - INFO - 	History (metrics, distributed, evaluate):
2025-10-31 00:11:47,143 - flwr - INFO - 	{'accuracy': [(1, 0.9004398148148148),
2025-10-31 00:11:47,143 - flwr - INFO - 	              (2, 0.9486574074074074),
2025-10-31 00:11:47,154 - flwr - INFO - 	              (3, 0.9524537037037037),
2025-10-31 00:11:47,154 - flwr - INFO - 	              (4, 0.9521296296296297),
2025-10-31 00:11:47,154 - flwr - INFO - 	              (5, 0.9500694444444444),
2025-10-31 00:11:47,154 - flwr - INFO - 	              (6, 0.9444444444444444),
2025-10-31 00:11:47,154 - flwr - INFO - 	              (7, 0.9528009259259259),
2025-10-31 00:11:47,154 - flwr - INFO - 	              (8, 0.9527083333333334),
2025-10-31 00:11:47,154 - flwr - INFO - 	              (9, 0.958587962962963),
2025-10-31 00:11:47,156 - flwr - INFO - 	              (10, 0.9543518518518519),
2025-10-31 00:11:47,156 - flwr - INFO - 	              (11, 0.9498611111111112),
2025-10-31 00:11:47,156 - flwr - INFO - 	              (12, 0.9584490740740741),
2025-10-31 00:11:47,156 - flwr - INFO - 	              (13, 0.9561342592592592),
2025-10-31 00:11:47,156 - flwr - INFO - 	              (14, 0.9542824074074074),
2025-10-31 00:11:47,156 - flwr - INFO - 	              (15, 0.9536805555555555)]}
2025-10-31 00:11:47,156 - flwr - INFO - 
2025-10-31 00:11:47,192 - Server - INFO - Model saved to SavedGlobalModel/final_model.pth
2025-10-31 00:11:47,207 - Server - INFO - Final model saved to SavedGlobalModel/final_model.pth
2025-10-31 00:13:40,524 - Server - INFO - SaveModelStrategy initialized
2025-10-31 00:13:40,524 - Server - INFO - Starting federated learning server at 0.0.0.0:8080
2025-10-31 00:13:40,524 - Server - INFO - Configuration: 4 rounds, 2 minimum clients
2025-10-31 00:13:40,524 - Server - INFO - Model: NeuralNetwork with 17 inputs, 10 classes
2025-10-31 00:13:40,534 - flwr - INFO - Starting Flower server, config: num_rounds=4, no round_timeout
2025-10-31 00:13:40,553 - flwr - INFO - Flower ECE: gRPC server running (4 rounds), SSL is disabled
2025-10-31 00:13:40,553 - flwr - INFO - [INIT]
2025-10-31 00:13:40,553 - flwr - INFO - Using initial global parameters provided by strategy
2025-10-31 00:13:40,553 - flwr - INFO - Starting evaluation of initial global parameters
2025-10-31 00:13:40,553 - flwr - INFO - Evaluation returned no results (`None`)
2025-10-31 00:13:40,553 - flwr - INFO - 
2025-10-31 00:13:40,553 - flwr - INFO - [ROUND 1]
2025-10-31 00:13:50,436 - flwr - INFO - configure_fit: strategy sampled 2 clients (out of 2)
2025-10-31 00:14:03,306 - flwr - INFO - aggregate_fit: received 2 results and 0 failures
2025-10-31 00:14:03,306 - Server - INFO - Round 1: Aggregating updates from 2 clients
2025-10-31 00:14:03,306 - flwr - WARNING - No fit_metrics_aggregation_fn provided
2025-10-31 00:14:03,306 - Server - INFO - Round 1: Global model parameters updated
2025-10-31 00:14:03,325 - Server - INFO - Model saved to SavedGlobalModel/model_round_1.pth
2025-10-31 00:14:03,326 - Server - INFO - Round 1: Saved checkpoint to model_round_1.pth
2025-10-31 00:14:03,327 - flwr - INFO - configure_evaluate: strategy sampled 2 clients (out of 2)
2025-10-31 00:14:03,734 - flwr - INFO - aggregate_evaluate: received 2 results and 0 failures
2025-10-31 00:14:03,734 - Server - INFO - Round 1: Aggregating evaluation results from 2 clients
2025-10-31 00:14:03,734 - Server - INFO - Aggregated metrics: {'accuracy': 0.9281712962962962}
2025-10-31 00:14:03,734 - flwr - INFO - 
2025-10-31 00:14:03,734 - flwr - INFO - [ROUND 2]
2025-10-31 00:14:03,734 - flwr - INFO - configure_fit: strategy sampled 2 clients (out of 2)
2025-10-31 00:14:17,755 - flwr - INFO - aggregate_fit: received 2 results and 0 failures
2025-10-31 00:14:17,755 - Server - INFO - Round 2: Aggregating updates from 2 clients
2025-10-31 00:14:17,755 - Server - INFO - Round 2: Global model parameters updated
2025-10-31 00:14:17,755 - flwr - INFO - configure_evaluate: strategy sampled 3 clients (out of 3)
2025-10-31 00:14:18,100 - flwr - INFO - aggregate_evaluate: received 3 results and 0 failures
2025-10-31 00:14:18,101 - Server - INFO - Round 2: Aggregating evaluation results from 3 clients
2025-10-31 00:14:18,101 - Server - INFO - Aggregated metrics: {'accuracy': 0.8506172839506173}
2025-10-31 00:14:18,101 - flwr - INFO - 
2025-10-31 00:14:18,102 - flwr - INFO - [ROUND 3]
2025-10-31 00:14:18,102 - flwr - INFO - configure_fit: strategy sampled 3 clients (out of 3)
2025-10-31 00:14:32,928 - flwr - INFO - aggregate_fit: received 3 results and 0 failures
2025-10-31 00:14:32,928 - Server - INFO - Round 3: Aggregating updates from 3 clients
2025-10-31 00:14:32,928 - Server - INFO - Round 3: Global model parameters updated
2025-10-31 00:14:32,928 - flwr - INFO - configure_evaluate: strategy sampled 3 clients (out of 3)
2025-10-31 00:14:33,337 - flwr - INFO - aggregate_evaluate: received 3 results and 0 failures
2025-10-31 00:14:33,347 - Server - INFO - Round 3: Aggregating evaluation results from 3 clients
2025-10-31 00:14:33,347 - Server - INFO - Aggregated metrics: {'accuracy': 0.8292746913580247}
2025-10-31 00:14:33,347 - flwr - INFO - 
2025-10-31 00:14:33,347 - flwr - INFO - [ROUND 4]
2025-10-31 00:14:33,347 - flwr - INFO - configure_fit: strategy sampled 3 clients (out of 3)
2025-10-31 00:14:47,981 - flwr - INFO - aggregate_fit: received 3 results and 0 failures
2025-10-31 00:14:47,981 - Server - INFO - Round 4: Aggregating updates from 3 clients
2025-10-31 00:14:47,981 - Server - INFO - Round 4: Global model parameters updated
2025-10-31 00:14:47,981 - flwr - INFO - configure_evaluate: strategy sampled 3 clients (out of 3)
2025-10-31 00:14:48,359 - flwr - INFO - aggregate_evaluate: received 3 results and 0 failures
2025-10-31 00:14:48,359 - Server - INFO - Round 4: Aggregating evaluation results from 3 clients
2025-10-31 00:14:48,359 - Server - INFO - Aggregated metrics: {'accuracy': 0.8291512345679012}
2025-10-31 00:14:48,359 - flwr - INFO - 
2025-10-31 00:14:48,359 - flwr - INFO - [SUMMARY]
2025-10-31 00:14:48,364 - flwr - INFO - Run finished 4 round(s) in 67.81s
2025-10-31 00:14:48,364 - flwr - INFO - 	History (loss, distributed):
2025-10-31 00:14:48,364 - flwr - INFO - 		round 1: 0.23275671154260635
2025-10-31 00:14:48,364 - flwr - INFO - 		round 2: 1.8012382139762242
2025-10-31 00:14:48,364 - flwr - INFO - 		round 3: 1.6065550744533539
2025-10-31 00:14:48,367 - flwr - INFO - 		round 4: 1.5097300708293915
2025-10-31 00:14:48,367 - flwr - INFO - 	History (metrics, distributed, evaluate):
2025-10-31 00:14:48,367 - flwr - INFO - 	{'accuracy': [(1, 0.9281712962962962),
2025-10-31 00:14:48,367 - flwr - INFO - 	              (2, 0.8506172839506173),
2025-10-31 00:14:48,367 - flwr - INFO - 	              (3, 0.8292746913580247),
2025-10-31 00:14:48,367 - flwr - INFO - 	              (4, 0.8291512345679012)]}
2025-10-31 00:14:48,367 - flwr - INFO - 
2025-10-31 00:14:48,426 - Server - INFO - Model saved to SavedGlobalModel/final_model.pth
2025-10-31 00:14:48,428 - Server - INFO - Final model saved to SavedGlobalModel/final_model.pth
2025-10-31 00:17:15,892 - Server - INFO - SaveModelStrategy initialized
2025-10-31 00:17:15,900 - Server - INFO - Starting federated learning server at 0.0.0.0:8080
2025-10-31 00:17:15,900 - Server - INFO - Configuration: 4 rounds, 2 minimum clients
2025-10-31 00:17:15,900 - Server - INFO - Model: NeuralNetwork with 17 inputs, 10 classes
2025-10-31 00:17:15,900 - flwr - INFO - Starting Flower server, config: num_rounds=4, no round_timeout
2025-10-31 00:17:15,921 - flwr - INFO - Flower ECE: gRPC server running (4 rounds), SSL is disabled
2025-10-31 00:17:15,921 - flwr - INFO - [INIT]
2025-10-31 00:17:15,921 - flwr - INFO - Using initial global parameters provided by strategy
2025-10-31 00:17:15,925 - flwr - INFO - Starting evaluation of initial global parameters
2025-10-31 00:17:15,944 - flwr - INFO - Evaluation returned no results (`None`)
2025-10-31 00:17:15,944 - flwr - INFO - 
2025-10-31 00:17:15,944 - flwr - INFO - [ROUND 1]
2025-10-31 00:17:26,539 - flwr - INFO - configure_fit: strategy sampled 2 clients (out of 2)
2025-10-31 00:17:39,477 - flwr - INFO - aggregate_fit: received 2 results and 0 failures
2025-10-31 00:17:39,478 - Server - INFO - Round 1: Aggregating updates from 2 clients
2025-10-31 00:17:39,479 - flwr - WARNING - No fit_metrics_aggregation_fn provided
2025-10-31 00:17:39,480 - Server - INFO - Round 1: Global model parameters updated
2025-10-31 00:17:39,483 - Server - INFO - Model saved to SavedGlobalModel/model_round_1.pth
2025-10-31 00:17:39,483 - Server - INFO - Round 1: Saved checkpoint to model_round_1.pth
2025-10-31 00:17:39,483 - flwr - INFO - configure_evaluate: strategy sampled 3 clients (out of 3)
2025-10-31 00:17:39,856 - flwr - INFO - aggregate_evaluate: received 3 results and 0 failures
2025-10-31 00:17:39,856 - Server - INFO - Round 1: Aggregating evaluation results from 3 clients
2025-10-31 00:17:39,856 - Server - INFO - Aggregated metrics: {'accuracy': 0.9166203703703704}
2025-10-31 00:17:39,856 - flwr - INFO - 
2025-10-31 00:17:39,856 - flwr - INFO - [ROUND 2]
2025-10-31 00:17:39,856 - flwr - INFO - configure_fit: strategy sampled 3 clients (out of 3)
2025-10-31 00:17:54,093 - flwr - INFO - aggregate_fit: received 3 results and 0 failures
2025-10-31 00:17:54,093 - Server - INFO - Round 2: Aggregating updates from 3 clients
2025-10-31 00:17:54,097 - Server - INFO - Round 2: Global model parameters updated
2025-10-31 00:17:54,097 - flwr - INFO - configure_evaluate: strategy sampled 3 clients (out of 3)
2025-10-31 00:17:54,463 - flwr - INFO - aggregate_evaluate: received 3 results and 0 failures
2025-10-31 00:17:54,464 - Server - INFO - Round 2: Aggregating evaluation results from 3 clients
2025-10-31 00:17:54,464 - Server - INFO - Aggregated metrics: {'accuracy': 0.9393672839506173}
2025-10-31 00:17:54,464 - flwr - INFO - 
2025-10-31 00:17:54,465 - flwr - INFO - [ROUND 3]
2025-10-31 00:17:54,465 - flwr - INFO - configure_fit: strategy sampled 3 clients (out of 3)
2025-10-31 00:18:07,983 - flwr - INFO - aggregate_fit: received 3 results and 0 failures
2025-10-31 00:18:07,983 - Server - INFO - Round 3: Aggregating updates from 3 clients
2025-10-31 00:18:07,983 - Server - INFO - Round 3: Global model parameters updated
2025-10-31 00:18:07,983 - flwr - INFO - configure_evaluate: strategy sampled 3 clients (out of 3)
2025-10-31 00:18:08,327 - flwr - INFO - aggregate_evaluate: received 3 results and 0 failures
2025-10-31 00:18:08,328 - Server - INFO - Round 3: Aggregating evaluation results from 3 clients
2025-10-31 00:18:08,328 - Server - INFO - Aggregated metrics: {'accuracy': 0.9451697530864197}
2025-10-31 00:18:08,328 - flwr - INFO - 
2025-10-31 00:18:08,328 - flwr - INFO - [ROUND 4]
2025-10-31 00:18:08,328 - flwr - INFO - configure_fit: strategy sampled 3 clients (out of 3)
2025-10-31 00:18:21,687 - flwr - INFO - aggregate_fit: received 3 results and 0 failures
2025-10-31 00:18:21,687 - Server - INFO - Round 4: Aggregating updates from 3 clients
2025-10-31 00:18:21,687 - Server - INFO - Round 4: Global model parameters updated
2025-10-31 00:18:21,687 - flwr - INFO - configure_evaluate: strategy sampled 3 clients (out of 3)
2025-10-31 00:18:22,001 - flwr - INFO - aggregate_evaluate: received 3 results and 0 failures
2025-10-31 00:18:22,001 - Server - INFO - Round 4: Aggregating evaluation results from 3 clients
2025-10-31 00:18:22,001 - Server - INFO - Aggregated metrics: {'accuracy': 0.9447222222222222}
2025-10-31 00:18:22,001 - flwr - INFO - 
2025-10-31 00:18:22,001 - flwr - INFO - [SUMMARY]
2025-10-31 00:18:22,001 - flwr - INFO - Run finished 4 round(s) in 66.06s
2025-10-31 00:18:22,001 - flwr - INFO - 	History (loss, distributed):
2025-10-31 00:18:22,005 - flwr - INFO - 		round 1: 0.20653340220451355
2025-10-31 00:18:22,005 - flwr - INFO - 		round 2: 0.19761929412682852
2025-10-31 00:18:22,005 - flwr - INFO - 		round 3: 0.18908488750457764
2025-10-31 00:18:22,005 - flwr - INFO - 		round 4: 0.17876133571068445
2025-10-31 00:18:22,005 - flwr - INFO - 	History (metrics, distributed, evaluate):
2025-10-31 00:18:22,005 - flwr - INFO - 	{'accuracy': [(1, 0.9166203703703704),
2025-10-31 00:18:22,005 - flwr - INFO - 	              (2, 0.9393672839506173),
2025-10-31 00:18:22,005 - flwr - INFO - 	              (3, 0.9451697530864197),
2025-10-31 00:18:22,005 - flwr - INFO - 	              (4, 0.9447222222222222)]}
2025-10-31 00:18:22,005 - flwr - INFO - 
2025-10-31 00:18:22,055 - Server - INFO - Model saved to SavedGlobalModel/final_model.pth
2025-10-31 00:18:22,059 - Server - INFO - Final model saved to SavedGlobalModel/final_model.pth
2025-10-31 00:20:04,125 - Server - INFO - SaveModelStrategy initialized
2025-10-31 00:20:04,125 - Server - INFO - Starting federated learning server at 0.0.0.0:8080
2025-10-31 00:20:04,125 - Server - INFO - Configuration: 4 rounds, 2 minimum clients
2025-10-31 00:20:04,125 - Server - INFO - Model: NeuralNetwork with 17 inputs, 10 classes
2025-10-31 00:20:04,125 - flwr - INFO - Starting Flower server, config: num_rounds=4, no round_timeout
2025-10-31 00:20:04,150 - flwr - INFO - Flower ECE: gRPC server running (4 rounds), SSL is disabled
2025-10-31 00:20:04,151 - flwr - INFO - [INIT]
2025-10-31 00:20:04,152 - flwr - INFO - Using initial global parameters provided by strategy
2025-10-31 00:20:04,170 - flwr - INFO - Starting evaluation of initial global parameters
2025-10-31 00:20:04,174 - flwr - INFO - Evaluation returned no results (`None`)
2025-10-31 00:20:04,174 - flwr - INFO - 
2025-10-31 00:20:04,174 - flwr - INFO - [ROUND 1]
2025-10-31 00:20:14,598 - flwr - INFO - configure_fit: strategy sampled 2 clients (out of 2)
2025-10-31 00:20:28,289 - flwr - INFO - aggregate_fit: received 2 results and 0 failures
2025-10-31 00:20:28,289 - Server - INFO - Round 1: Aggregating updates from 2 clients
2025-10-31 00:20:28,289 - flwr - WARNING - No fit_metrics_aggregation_fn provided
2025-10-31 00:20:28,289 - Server - INFO - Round 1: Global model parameters updated
2025-10-31 00:20:28,299 - Server - INFO - Model saved to SavedGlobalModel/model_round_1.pth
2025-10-31 00:20:28,299 - Server - INFO - Round 1: Saved checkpoint to model_round_1.pth
2025-10-31 00:20:28,299 - flwr - INFO - configure_evaluate: strategy sampled 4 clients (out of 4)
2025-10-31 00:20:28,701 - flwr - INFO - aggregate_evaluate: received 4 results and 0 failures
2025-10-31 00:20:28,701 - Server - INFO - Round 1: Aggregating evaluation results from 4 clients
2025-10-31 00:20:28,701 - Server - INFO - Aggregated metrics: {'accuracy': 0.8656944444444444}
2025-10-31 00:20:28,701 - flwr - INFO - 
2025-10-31 00:20:28,701 - flwr - INFO - [ROUND 2]
2025-10-31 00:20:28,701 - flwr - INFO - configure_fit: strategy sampled 4 clients (out of 4)
2025-10-31 00:20:43,751 - flwr - INFO - aggregate_fit: received 4 results and 0 failures
2025-10-31 00:20:43,751 - Server - INFO - Round 2: Aggregating updates from 4 clients
2025-10-31 00:20:43,751 - Server - INFO - Round 2: Global model parameters updated
2025-10-31 00:20:43,751 - flwr - INFO - configure_evaluate: strategy sampled 4 clients (out of 4)
2025-10-31 00:20:44,092 - flwr - INFO - aggregate_evaluate: received 4 results and 0 failures
2025-10-31 00:20:44,092 - Server - INFO - Round 2: Aggregating evaluation results from 4 clients
2025-10-31 00:20:44,092 - Server - INFO - Aggregated metrics: {'accuracy': 0.840300925925926}
2025-10-31 00:20:44,092 - flwr - INFO - 
2025-10-31 00:20:44,092 - flwr - INFO - [ROUND 3]
2025-10-31 00:20:44,092 - flwr - INFO - configure_fit: strategy sampled 4 clients (out of 4)
2025-10-31 00:21:01,655 - flwr - INFO - aggregate_fit: received 4 results and 0 failures
2025-10-31 00:21:01,656 - Server - INFO - Round 3: Aggregating updates from 4 clients
2025-10-31 00:21:01,658 - Server - INFO - Round 3: Global model parameters updated
2025-10-31 00:21:01,658 - flwr - INFO - configure_evaluate: strategy sampled 4 clients (out of 4)
2025-10-31 00:21:02,162 - flwr - INFO - aggregate_evaluate: received 4 results and 0 failures
2025-10-31 00:21:02,165 - Server - INFO - Round 3: Aggregating evaluation results from 4 clients
2025-10-31 00:21:02,165 - Server - INFO - Aggregated metrics: {'accuracy': 0.8426157407407407}
2025-10-31 00:21:02,166 - flwr - INFO - 
2025-10-31 00:21:02,166 - flwr - INFO - [ROUND 4]
2025-10-31 00:21:02,167 - flwr - INFO - configure_fit: strategy sampled 4 clients (out of 4)
2025-10-31 00:21:21,350 - flwr - INFO - aggregate_fit: received 4 results and 0 failures
2025-10-31 00:21:21,350 - Server - INFO - Round 4: Aggregating updates from 4 clients
2025-10-31 00:21:21,356 - Server - INFO - Round 4: Global model parameters updated
2025-10-31 00:21:21,356 - flwr - INFO - configure_evaluate: strategy sampled 4 clients (out of 4)
2025-10-31 00:21:21,868 - flwr - INFO - aggregate_evaluate: received 4 results and 0 failures
2025-10-31 00:21:21,868 - Server - INFO - Round 4: Aggregating evaluation results from 4 clients
2025-10-31 00:21:21,868 - Server - INFO - Aggregated metrics: {'accuracy': 0.8521180555555555}
2025-10-31 00:21:21,868 - flwr - INFO - 
2025-10-31 00:21:21,868 - flwr - INFO - [SUMMARY]
2025-10-31 00:21:21,868 - flwr - INFO - Run finished 4 round(s) in 77.70s
2025-10-31 00:21:21,868 - flwr - INFO - 	History (loss, distributed):
2025-10-31 00:21:21,868 - flwr - INFO - 		round 1: 0.8778113648295403
2025-10-31 00:21:21,868 - flwr - INFO - 		round 2: 1.165152121335268
2025-10-31 00:21:21,868 - flwr - INFO - 		round 3: 1.1965296864509583
2025-10-31 00:21:21,879 - flwr - INFO - 		round 4: 1.2156574726104736
2025-10-31 00:21:21,879 - flwr - INFO - 	History (metrics, distributed, evaluate):
2025-10-31 00:21:21,879 - flwr - INFO - 	{'accuracy': [(1, 0.8656944444444444),
2025-10-31 00:21:21,879 - flwr - INFO - 	              (2, 0.840300925925926),
2025-10-31 00:21:21,879 - flwr - INFO - 	              (3, 0.8426157407407407),
2025-10-31 00:21:21,879 - flwr - INFO - 	              (4, 0.8521180555555555)]}
2025-10-31 00:21:21,879 - flwr - INFO - 
2025-10-31 00:21:21,968 - Server - INFO - Model saved to SavedGlobalModel/final_model.pth
2025-10-31 00:21:21,971 - Server - INFO - Final model saved to SavedGlobalModel/final_model.pth
2025-10-31 00:22:37,371 - Server - INFO - SaveModelStrategy initialized
2025-10-31 00:22:37,371 - Server - INFO - Starting federated learning server at 0.0.0.0:8080
2025-10-31 00:22:37,371 - Server - INFO - Configuration: 4 rounds, 2 minimum clients
2025-10-31 00:22:37,371 - Server - INFO - Model: NeuralNetwork with 17 inputs, 10 classes
2025-10-31 00:22:37,375 - flwr - INFO - Starting Flower server, config: num_rounds=4, no round_timeout
2025-10-31 00:22:37,442 - flwr - INFO - Flower ECE: gRPC server running (4 rounds), SSL is disabled
2025-10-31 00:22:37,442 - flwr - INFO - [INIT]
2025-10-31 00:22:37,445 - flwr - INFO - Using initial global parameters provided by strategy
2025-10-31 00:22:37,446 - flwr - INFO - Starting evaluation of initial global parameters
2025-10-31 00:22:37,447 - flwr - INFO - Evaluation returned no results (`None`)
2025-10-31 00:22:37,450 - flwr - INFO - 
2025-10-31 00:22:37,451 - flwr - INFO - [ROUND 1]
2025-10-31 00:22:47,917 - flwr - INFO - configure_fit: strategy sampled 2 clients (out of 2)
2025-10-31 00:23:05,139 - flwr - INFO - aggregate_fit: received 2 results and 0 failures
2025-10-31 00:23:05,140 - Server - INFO - Round 1: Aggregating updates from 2 clients
2025-10-31 00:23:05,145 - flwr - WARNING - No fit_metrics_aggregation_fn provided
2025-10-31 00:23:05,145 - Server - INFO - Round 1: Global model parameters updated
2025-10-31 00:23:05,156 - Server - INFO - Model saved to SavedGlobalModel/model_round_1.pth
2025-10-31 00:23:05,156 - Server - INFO - Round 1: Saved checkpoint to model_round_1.pth
2025-10-31 00:23:05,156 - flwr - INFO - configure_evaluate: strategy sampled 4 clients (out of 4)
2025-10-31 00:23:05,652 - flwr - INFO - aggregate_evaluate: received 4 results and 0 failures
2025-10-31 00:23:05,652 - Server - INFO - Round 1: Aggregating evaluation results from 4 clients
2025-10-31 00:23:05,652 - Server - INFO - Aggregated metrics: {'accuracy': 0.8674768518518519}
2025-10-31 00:23:05,652 - flwr - INFO - 
2025-10-31 00:23:05,652 - flwr - INFO - [ROUND 2]
2025-10-31 00:23:05,657 - flwr - INFO - configure_fit: strategy sampled 4 clients (out of 4)
2025-10-31 00:23:27,822 - flwr - INFO - aggregate_fit: received 4 results and 0 failures
2025-10-31 00:23:27,828 - Server - INFO - Round 2: Aggregating updates from 4 clients
2025-10-31 00:23:27,828 - Server - INFO - Round 2: Global model parameters updated
2025-10-31 00:23:27,831 - flwr - INFO - configure_evaluate: strategy sampled 5 clients (out of 5)
2025-10-31 00:23:28,279 - flwr - INFO - aggregate_evaluate: received 5 results and 0 failures
2025-10-31 00:23:28,279 - Server - INFO - Round 2: Aggregating evaluation results from 5 clients
2025-10-31 00:23:28,279 - Server - INFO - Aggregated metrics: {'accuracy': 0.8017037037037037}
2025-10-31 00:23:28,279 - flwr - INFO - 
2025-10-31 00:23:28,279 - flwr - INFO - [ROUND 3]
2025-10-31 00:23:28,279 - flwr - INFO - configure_fit: strategy sampled 5 clients (out of 5)
2025-10-31 00:23:48,006 - flwr - INFO - aggregate_fit: received 5 results and 0 failures
2025-10-31 00:23:48,006 - Server - INFO - Round 3: Aggregating updates from 5 clients
2025-10-31 00:23:48,010 - Server - INFO - Round 3: Global model parameters updated
2025-10-31 00:23:48,010 - flwr - INFO - configure_evaluate: strategy sampled 5 clients (out of 5)
2025-10-31 00:23:48,492 - flwr - INFO - aggregate_evaluate: received 5 results and 0 failures
2025-10-31 00:23:48,493 - Server - INFO - Round 3: Aggregating evaluation results from 5 clients
2025-10-31 00:23:48,493 - Server - INFO - Aggregated metrics: {'accuracy': 0.7986574074074074}
2025-10-31 00:23:48,493 - flwr - INFO - 
2025-10-31 00:23:48,494 - flwr - INFO - [ROUND 4]
2025-10-31 00:23:48,494 - flwr - INFO - configure_fit: strategy sampled 5 clients (out of 5)
2025-10-31 00:24:07,705 - flwr - INFO - aggregate_fit: received 5 results and 0 failures
2025-10-31 00:24:07,706 - Server - INFO - Round 4: Aggregating updates from 5 clients
2025-10-31 00:24:07,711 - Server - INFO - Round 4: Global model parameters updated
2025-10-31 00:24:07,711 - flwr - INFO - configure_evaluate: strategy sampled 5 clients (out of 5)
2025-10-31 00:24:08,196 - flwr - INFO - aggregate_evaluate: received 5 results and 0 failures
2025-10-31 00:24:08,196 - Server - INFO - Round 4: Aggregating evaluation results from 5 clients
2025-10-31 00:24:08,196 - Server - INFO - Aggregated metrics: {'accuracy': 0.8039537037037037}
2025-10-31 00:24:08,196 - flwr - INFO - 
2025-10-31 00:24:08,196 - flwr - INFO - [SUMMARY]
2025-10-31 00:24:08,196 - flwr - INFO - Run finished 4 round(s) in 90.75s
2025-10-31 00:24:08,196 - flwr - INFO - 	History (loss, distributed):
2025-10-31 00:24:08,205 - flwr - INFO - 		round 1: 0.819510992616415
2025-10-31 00:24:08,206 - flwr - INFO - 		round 2: 1.46713285446167
2025-10-31 00:24:08,206 - flwr - INFO - 		round 3: 1.552254843711853
2025-10-31 00:24:08,206 - flwr - INFO - 		round 4: 1.382288920879364
2025-10-31 00:24:08,206 - flwr - INFO - 	History (metrics, distributed, evaluate):
2025-10-31 00:24:08,206 - flwr - INFO - 	{'accuracy': [(1, 0.8674768518518519),
2025-10-31 00:24:08,206 - flwr - INFO - 	              (2, 0.8017037037037037),
2025-10-31 00:24:08,206 - flwr - INFO - 	              (3, 0.7986574074074074),
2025-10-31 00:24:08,206 - flwr - INFO - 	              (4, 0.8039537037037037)]}
2025-10-31 00:24:08,206 - flwr - INFO - 
2025-10-31 00:24:08,290 - Server - INFO - Model saved to SavedGlobalModel/final_model.pth
2025-12-01 10:24:57,026 - Server - INFO - SaveModelStrategy initialized
2025-12-01 10:24:57,026 - Server - INFO - Starting federated learning server at 100.103.221.50:8080
2025-12-01 10:24:57,026 - Server - INFO - Configuration: 4 rounds, 2 minimum clients
2025-12-01 10:24:57,026 - Server - INFO - Model: NeuralNetwork with 17 inputs, 10 classes
2025-12-01 10:24:57,026 - flwr - INFO - Starting Flower server, config: num_rounds=4, no round_timeout
2025-12-01 10:24:57,042 - flwr - INFO - Flower ECE: gRPC server running (4 rounds), SSL is disabled
2025-12-01 10:24:57,042 - flwr - INFO - [INIT]
2025-12-01 10:24:57,042 - flwr - INFO - Using initial global parameters provided by strategy
2025-12-01 10:24:57,042 - flwr - INFO - Starting evaluation of initial global parameters
2025-12-01 10:24:57,042 - flwr - INFO - Evaluation returned no results (`None`)
2025-12-01 10:24:57,042 - flwr - INFO - 
2025-12-01 10:24:57,042 - flwr - INFO - [ROUND 1]
2025-12-01 10:26:43,405 - flwr - INFO - configure_fit: strategy sampled 2 clients (out of 2)
2025-12-01 10:26:55,023 - flwr - INFO - aggregate_fit: received 2 results and 0 failures
2025-12-01 10:26:55,023 - Server - INFO - Round 1: Aggregating updates from 2 clients
2025-12-01 10:26:55,023 - flwr - WARNING - No fit_metrics_aggregation_fn provided
2025-12-01 10:26:55,023 - Server - INFO - Round 1: Global model parameters updated
2025-12-01 10:26:55,039 - Server - INFO - Model saved to SavedGlobalModel/model_round_1.pth
2025-12-01 10:26:55,039 - Server - INFO - Round 1: Saved checkpoint to model_round_1.pth
2025-12-01 10:26:55,039 - flwr - INFO - configure_evaluate: strategy sampled 2 clients (out of 2)
2025-12-01 10:26:55,354 - flwr - INFO - aggregate_evaluate: received 2 results and 0 failures
2025-12-01 10:26:55,354 - Server - INFO - Round 1: Aggregating evaluation results from 2 clients
2025-12-01 10:26:55,354 - Server - INFO - Aggregated metrics: {'accuracy': 0.8864583333333333}
2025-12-01 10:26:55,354 - flwr - INFO - 
2025-12-01 10:26:55,354 - flwr - INFO - [ROUND 2]
2025-12-01 10:26:55,354 - flwr - INFO - configure_fit: strategy sampled 2 clients (out of 2)
2025-12-01 10:27:06,788 - flwr - INFO - aggregate_fit: received 2 results and 0 failures
2025-12-01 10:27:06,788 - Server - INFO - Round 2: Aggregating updates from 2 clients
2025-12-01 10:27:06,788 - Server - INFO - Round 2: Global model parameters updated
2025-12-01 10:27:06,788 - flwr - INFO - configure_evaluate: strategy sampled 2 clients (out of 2)
2025-12-01 10:27:07,045 - flwr - INFO - aggregate_evaluate: received 2 results and 0 failures
2025-12-01 10:27:07,045 - Server - INFO - Round 2: Aggregating evaluation results from 2 clients
2025-12-01 10:27:07,045 - Server - INFO - Aggregated metrics: {'accuracy': 0.9389583333333333}
2025-12-01 10:27:07,045 - flwr - INFO - 
2025-12-01 10:27:07,045 - flwr - INFO - [ROUND 3]
2025-12-01 10:27:07,047 - flwr - INFO - configure_fit: strategy sampled 2 clients (out of 2)
2025-12-01 10:27:17,570 - flwr - INFO - aggregate_fit: received 2 results and 0 failures
2025-12-01 10:27:17,570 - Server - INFO - Round 3: Aggregating updates from 2 clients
2025-12-01 10:27:17,570 - Server - INFO - Round 3: Global model parameters updated
2025-12-01 10:27:17,570 - flwr - INFO - configure_evaluate: strategy sampled 2 clients (out of 2)
2025-12-01 10:27:17,808 - flwr - INFO - aggregate_evaluate: received 2 results and 0 failures
2025-12-01 10:27:17,808 - Server - INFO - Round 3: Aggregating evaluation results from 2 clients
2025-12-01 10:27:17,808 - Server - INFO - Aggregated metrics: {'accuracy': 0.9430324074074075}
2025-12-01 10:27:17,808 - flwr - INFO - 
2025-12-01 10:27:17,808 - flwr - INFO - [ROUND 4]
2025-12-01 10:27:17,808 - flwr - INFO - configure_fit: strategy sampled 2 clients (out of 2)
2025-12-01 10:27:32,583 - flwr - INFO - aggregate_fit: received 2 results and 0 failures
2025-12-01 10:27:32,586 - Server - INFO - Round 4: Aggregating updates from 2 clients
2025-12-01 10:27:32,586 - Server - INFO - Round 4: Global model parameters updated
2025-12-01 10:27:32,586 - flwr - INFO - configure_evaluate: strategy sampled 2 clients (out of 2)
2025-12-01 10:27:32,913 - flwr - INFO - aggregate_evaluate: received 2 results and 0 failures
2025-12-01 10:27:32,913 - Server - INFO - Round 4: Aggregating evaluation results from 2 clients
2025-12-01 10:27:32,913 - Server - INFO - Aggregated metrics: {'accuracy': 0.939375}
2025-12-01 10:27:32,913 - flwr - INFO - 
2025-12-01 10:27:32,913 - flwr - INFO - [SUMMARY]
2025-12-01 10:27:32,928 - flwr - INFO - Run finished 4 round(s) in 155.87s
2025-12-01 10:27:32,928 - flwr - INFO - 	History (loss, distributed):
2025-12-01 10:27:32,928 - flwr - INFO - 		round 1: 0.26832132041454315
2025-12-01 10:27:32,928 - flwr - INFO - 		round 2: 0.19794201850891113
2025-12-01 10:27:32,928 - flwr - INFO - 		round 3: 0.1722017601132393
2025-12-01 10:27:32,928 - flwr - INFO - 		round 4: 0.16893309354782104
2025-12-01 10:27:32,928 - flwr - INFO - 	History (metrics, distributed, evaluate):
2025-12-01 10:27:32,928 - flwr - INFO - 	{'accuracy': [(1, 0.8864583333333333),
2025-12-01 10:27:32,928 - flwr - INFO - 	              (2, 0.9389583333333333),
2025-12-01 10:27:32,928 - flwr - INFO - 	              (3, 0.9430324074074075),
2025-12-01 10:27:32,928 - flwr - INFO - 	              (4, 0.939375)]}
2025-12-01 10:27:32,928 - flwr - INFO - 
2025-12-01 10:27:32,965 - Server - INFO - Model saved to SavedGlobalModel/final_model.pth
2025-12-01 10:27:32,965 - Server - INFO - Final model saved to SavedGlobalModel/final_model.pth
2025-12-01 10:32:34,989 - Server - INFO - SaveModelStrategy initialized
2025-12-01 10:32:34,989 - Server - INFO - Starting federated learning server at 100.103.221.50:8080
2025-12-01 10:32:34,989 - Server - INFO - Configuration: 4 rounds, 2 minimum clients
2025-12-01 10:32:34,992 - Server - INFO - Model: NeuralNetwork with 17 inputs, 10 classes
2025-12-01 10:32:34,994 - flwr - INFO - Starting Flower server, config: num_rounds=4, no round_timeout
2025-12-01 10:32:35,024 - flwr - INFO - Flower ECE: gRPC server running (4 rounds), SSL is disabled
2025-12-01 10:32:35,024 - flwr - INFO - [INIT]
2025-12-01 10:32:35,026 - flwr - INFO - Using initial global parameters provided by strategy
2025-12-01 10:32:35,028 - flwr - INFO - Starting evaluation of initial global parameters
2025-12-01 10:32:35,032 - flwr - INFO - Evaluation returned no results (`None`)
2025-12-01 10:32:35,051 - flwr - INFO - 
2025-12-01 10:32:35,051 - flwr - INFO - [ROUND 1]
2025-12-01 10:37:53,480 - flwr - INFO - configure_fit: strategy sampled 2 clients (out of 2)
2025-12-01 10:38:04,883 - flwr - INFO - aggregate_fit: received 2 results and 0 failures
2025-12-01 10:38:04,883 - Server - INFO - Round 1: Aggregating updates from 2 clients
2025-12-01 10:38:04,883 - flwr - WARNING - No fit_metrics_aggregation_fn provided
2025-12-01 10:38:04,883 - Server - INFO - Round 1: Global model parameters updated
2025-12-01 10:38:04,901 - Server - INFO - Model saved to SavedGlobalModel/model_round_1.pth
2025-12-01 10:38:04,901 - Server - INFO - Round 1: Saved checkpoint to model_round_1.pth
2025-12-01 10:38:04,901 - flwr - INFO - configure_evaluate: strategy sampled 2 clients (out of 2)
2025-12-01 10:38:05,153 - flwr - INFO - aggregate_evaluate: received 2 results and 0 failures
2025-12-01 10:38:05,168 - Server - INFO - Round 1: Aggregating evaluation results from 2 clients
2025-12-01 10:38:05,168 - Server - INFO - Aggregated metrics: {'accuracy': 0.9062268518518518}
2025-12-01 10:38:05,168 - flwr - INFO - 
2025-12-01 10:38:05,168 - flwr - INFO - [ROUND 2]
2025-12-01 10:38:05,168 - flwr - INFO - configure_fit: strategy sampled 2 clients (out of 2)
2025-12-01 10:38:15,598 - flwr - INFO - aggregate_fit: received 2 results and 0 failures
2025-12-01 10:38:15,598 - Server - INFO - Round 2: Aggregating updates from 2 clients
2025-12-01 10:38:15,598 - Server - INFO - Round 2: Global model parameters updated
2025-12-01 10:38:15,598 - flwr - INFO - configure_evaluate: strategy sampled 2 clients (out of 2)
2025-12-01 10:38:15,885 - flwr - INFO - aggregate_evaluate: received 2 results and 0 failures
2025-12-01 10:38:15,885 - Server - INFO - Round 2: Aggregating evaluation results from 2 clients
2025-12-01 10:38:15,885 - Server - INFO - Aggregated metrics: {'accuracy': 0.9301851851851852}
2025-12-01 10:38:15,885 - flwr - INFO - 
2025-12-01 10:38:15,885 - flwr - INFO - [ROUND 3]
2025-12-01 10:38:15,885 - flwr - INFO - configure_fit: strategy sampled 2 clients (out of 2)
2025-12-01 10:38:27,278 - flwr - INFO - aggregate_fit: received 2 results and 0 failures
2025-12-01 10:38:27,278 - Server - INFO - Round 3: Aggregating updates from 2 clients
2025-12-01 10:38:27,278 - Server - INFO - Round 3: Global model parameters updated
2025-12-01 10:38:27,278 - flwr - INFO - configure_evaluate: strategy sampled 2 clients (out of 2)
2025-12-01 10:38:27,553 - flwr - INFO - aggregate_evaluate: received 2 results and 0 failures
2025-12-01 10:38:27,553 - Server - INFO - Round 3: Aggregating evaluation results from 2 clients
2025-12-01 10:38:27,553 - Server - INFO - Aggregated metrics: {'accuracy': 0.9440277777777778}
2025-12-01 10:38:27,553 - flwr - INFO - 
2025-12-01 10:38:27,553 - flwr - INFO - [ROUND 4]
2025-12-01 10:38:27,553 - flwr - INFO - configure_fit: strategy sampled 2 clients (out of 2)
2025-12-01 10:38:37,876 - flwr - INFO - aggregate_fit: received 2 results and 0 failures
2025-12-01 10:38:37,876 - Server - INFO - Round 4: Aggregating updates from 2 clients
2025-12-01 10:38:37,876 - Server - INFO - Round 4: Global model parameters updated
2025-12-01 10:38:37,876 - flwr - INFO - configure_evaluate: strategy sampled 2 clients (out of 2)
2025-12-01 10:38:38,129 - flwr - INFO - aggregate_evaluate: received 2 results and 0 failures
2025-12-01 10:38:38,129 - Server - INFO - Round 4: Aggregating evaluation results from 2 clients
2025-12-01 10:38:38,129 - Server - INFO - Aggregated metrics: {'accuracy': 0.9455787037037037}
2025-12-01 10:38:38,129 - flwr - INFO - 
2025-12-01 10:38:38,129 - flwr - INFO - [SUMMARY]
2025-12-01 10:38:38,129 - flwr - INFO - Run finished 4 round(s) in 363.09s
2025-12-01 10:38:38,129 - flwr - INFO - 	History (loss, distributed):
2025-12-01 10:38:38,129 - flwr - INFO - 		round 1: 0.24144479632377625
2025-12-01 10:38:38,129 - flwr - INFO - 		round 2: 0.2096409648656845
2025-12-01 10:38:38,129 - flwr - INFO - 		round 3: 0.17296583950519562
2025-12-01 10:38:38,129 - flwr - INFO - 		round 4: 0.16023501753807068
2025-12-01 10:38:38,129 - flwr - INFO - 	History (metrics, distributed, evaluate):
2025-12-01 10:38:38,129 - flwr - INFO - 	{'accuracy': [(1, 0.9062268518518518),
2025-12-01 10:38:38,129 - flwr - INFO - 	              (2, 0.9301851851851852),
2025-12-01 10:38:38,145 - flwr - INFO - 	              (3, 0.9440277777777778),
2025-12-01 10:38:38,145 - flwr - INFO - 	              (4, 0.9455787037037037)]}
2025-12-01 10:38:38,145 - flwr - INFO - 
2025-12-01 10:38:38,155 - Server - INFO - Model saved to SavedGlobalModel/final_model.pth
2025-12-01 10:38:38,173 - Server - INFO - Final model saved to SavedGlobalModel/final_model.pth
2025-12-01 10:39:03,525 - Server - INFO - SaveModelStrategy initialized
2025-12-01 10:39:03,525 - Server - INFO - Starting federated learning server at 100.103.221.50:8080
2025-12-01 10:39:03,525 - Server - INFO - Configuration: 4 rounds, 2 minimum clients
2025-12-01 10:39:03,525 - Server - INFO - Model: NeuralNetwork with 17 inputs, 10 classes
2025-12-01 10:39:03,532 - flwr - INFO - Starting Flower server, config: num_rounds=4, no round_timeout
2025-12-01 10:39:03,557 - flwr - INFO - Flower ECE: gRPC server running (4 rounds), SSL is disabled
2025-12-01 10:39:03,557 - flwr - INFO - [INIT]
2025-12-01 10:39:03,559 - flwr - INFO - Using initial global parameters provided by strategy
2025-12-01 10:39:03,561 - flwr - INFO - Starting evaluation of initial global parameters
2025-12-01 10:39:03,561 - flwr - INFO - Evaluation returned no results (`None`)
2025-12-01 10:39:03,561 - flwr - INFO - 
2025-12-01 10:39:03,561 - flwr - INFO - [ROUND 1]
2025-12-01 11:09:38,307 - Server - INFO - SaveModelStrategy initialized
2025-12-01 11:09:38,308 - Server - INFO - Starting federated learning server at 100.103.221.50:8080
2025-12-01 11:09:38,308 - Server - INFO - Configuration: 4 rounds, 2 minimum clients
2025-12-01 11:09:38,308 - Server - INFO - Model: NeuralNetwork with 17 inputs, 10 classes
2025-12-01 11:09:38,310 - flwr - INFO - Starting Flower server, config: num_rounds=4, no round_timeout
2025-12-01 11:09:38,326 - flwr - INFO - Flower ECE: gRPC server running (4 rounds), SSL is disabled
2025-12-01 11:09:38,326 - flwr - INFO - [INIT]
2025-12-01 11:09:38,327 - flwr - INFO - Using initial global parameters provided by strategy
2025-12-01 11:09:38,328 - flwr - INFO - Starting evaluation of initial global parameters
2025-12-01 11:09:38,331 - flwr - INFO - Evaluation returned no results (`None`)
2025-12-01 11:09:38,333 - flwr - INFO - 
2025-12-01 11:09:38,334 - flwr - INFO - [ROUND 1]
2025-12-01 11:10:05,275 - flwr - INFO - configure_fit: strategy sampled 2 clients (out of 2)
2025-12-01 11:10:16,047 - flwr - INFO - aggregate_fit: received 2 results and 0 failures
2025-12-01 11:10:16,048 - Server - INFO - Round 1: Aggregating updates from 2 clients
2025-12-01 11:10:16,050 - flwr - WARNING - No fit_metrics_aggregation_fn provided
2025-12-01 11:10:16,050 - Server - INFO - Round 1: Global model parameters updated
2025-12-01 11:10:16,053 - Server - INFO - Model saved to SavedGlobalModel/model_round_1.pth
2025-12-01 11:10:16,053 - Server - INFO - Round 1: Saved checkpoint to model_round_1.pth
2025-12-01 11:10:16,053 - flwr - INFO - configure_evaluate: strategy sampled 2 clients (out of 2)
2025-12-01 11:10:16,429 - flwr - INFO - aggregate_evaluate: received 2 results and 0 failures
2025-12-01 11:10:16,431 - Server - INFO - Round 1: Aggregating evaluation results from 2 clients
2025-12-01 11:10:16,432 - Server - INFO - Aggregated metrics: {'accuracy': 0.9052546296296297}
2025-12-01 11:10:16,432 - flwr - INFO - 
2025-12-01 11:10:16,433 - flwr - INFO - [ROUND 2]
2025-12-01 11:10:16,433 - flwr - INFO - configure_fit: strategy sampled 2 clients (out of 2)
2025-12-01 11:10:31,132 - flwr - INFO - aggregate_fit: received 2 results and 0 failures
2025-12-01 11:10:31,133 - Server - INFO - Round 2: Aggregating updates from 2 clients
2025-12-01 11:10:31,134 - Server - INFO - Round 2: Global model parameters updated
2025-12-01 11:10:31,134 - flwr - INFO - configure_evaluate: strategy sampled 2 clients (out of 2)
2025-12-01 11:10:33,953 - flwr - INFO - aggregate_evaluate: received 2 results and 0 failures
2025-12-01 11:10:33,954 - Server - INFO - Round 2: Aggregating evaluation results from 2 clients
2025-12-01 11:10:33,954 - Server - INFO - Aggregated metrics: {'accuracy': 0.9378472222222223}
2025-12-01 11:10:33,955 - flwr - INFO - 
2025-12-01 11:10:33,956 - flwr - INFO - [ROUND 3]
2025-12-01 11:10:33,956 - flwr - INFO - configure_fit: strategy sampled 2 clients (out of 2)
2025-12-01 11:10:44,745 - flwr - INFO - aggregate_fit: received 2 results and 0 failures
2025-12-01 11:10:44,746 - Server - INFO - Round 3: Aggregating updates from 2 clients
2025-12-01 11:10:44,747 - Server - INFO - Round 3: Global model parameters updated
2025-12-01 11:10:44,747 - flwr - INFO - configure_evaluate: strategy sampled 2 clients (out of 2)
2025-12-01 11:10:45,400 - flwr - INFO - aggregate_evaluate: received 2 results and 0 failures
2025-12-01 11:10:45,401 - Server - INFO - Round 3: Aggregating evaluation results from 2 clients
2025-12-01 11:10:45,401 - Server - INFO - Aggregated metrics: {'accuracy': 0.9445138888888889}
2025-12-01 11:10:45,401 - flwr - INFO - 
2025-12-01 11:10:45,401 - flwr - INFO - [ROUND 4]
2025-12-01 11:10:45,402 - flwr - INFO - configure_fit: strategy sampled 2 clients (out of 2)
2025-12-01 11:11:47,726 - flwr - INFO - aggregate_fit: received 1 results and 1 failures
2025-12-01 11:11:48,039 - Server - INFO - Round 4: Aggregating updates from 1 clients
2025-12-01 11:11:48,084 - Server - INFO - Round 4: Global model parameters updated
2025-12-01 11:12:45,865 - Server - INFO - SaveModelStrategy initialized
2025-12-01 11:12:45,865 - Server - INFO - Starting federated learning server at 100.103.221.50:8080
2025-12-01 11:12:45,866 - Server - INFO - Configuration: 4 rounds, 2 minimum clients
2025-12-01 11:12:45,867 - Server - INFO - Model: NeuralNetwork with 17 inputs, 10 classes
2025-12-01 11:12:45,868 - flwr - INFO - Starting Flower server, config: num_rounds=4, no round_timeout
2025-12-01 11:12:45,899 - flwr - INFO - Flower ECE: gRPC server running (4 rounds), SSL is disabled
2025-12-01 11:12:45,900 - flwr - INFO - [INIT]
2025-12-01 11:12:45,900 - flwr - INFO - Using initial global parameters provided by strategy
2025-12-01 11:12:45,901 - flwr - INFO - Starting evaluation of initial global parameters
2025-12-01 11:12:45,901 - flwr - INFO - Evaluation returned no results (`None`)
2025-12-01 11:12:45,901 - flwr - INFO - 
2025-12-01 11:12:45,902 - flwr - INFO - [ROUND 1]
2025-12-01 11:12:58,645 - flwr - INFO - configure_fit: strategy sampled 2 clients (out of 2)
2025-12-01 11:14:00,090 - flwr - INFO - aggregate_fit: received 2 results and 0 failures
2025-12-01 11:14:00,091 - Server - INFO - Round 1: Aggregating updates from 2 clients
2025-12-01 11:14:00,092 - flwr - WARNING - No fit_metrics_aggregation_fn provided
2025-12-01 11:14:00,095 - Server - INFO - Round 1: Global model parameters updated
2025-12-01 11:14:00,099 - Server - INFO - Model saved to SavedGlobalModel/model_round_1.pth
2025-12-01 11:14:00,099 - Server - INFO - Round 1: Saved checkpoint to model_round_1.pth
2025-12-01 11:14:00,100 - flwr - INFO - configure_evaluate: strategy sampled 2 clients (out of 2)
2025-12-01 11:14:08,259 - flwr - INFO - aggregate_evaluate: received 2 results and 0 failures
2025-12-01 11:14:08,260 - Server - INFO - Round 1: Aggregating evaluation results from 2 clients
2025-12-01 11:14:08,261 - Server - INFO - Aggregated metrics: {'accuracy': 0.9174768518518519}
2025-12-01 11:14:08,261 - flwr - INFO - 
2025-12-01 11:14:08,261 - flwr - INFO - [ROUND 2]
2025-12-01 11:14:08,261 - flwr - INFO - configure_fit: strategy sampled 2 clients (out of 2)
2025-12-01 11:14:22,687 - flwr - INFO - aggregate_fit: received 2 results and 0 failures
2025-12-01 11:14:22,688 - Server - INFO - Round 2: Aggregating updates from 2 clients
2025-12-01 11:14:22,688 - Server - INFO - Round 2: Global model parameters updated
2025-12-01 11:14:22,688 - flwr - INFO - configure_evaluate: strategy sampled 2 clients (out of 2)
2025-12-01 11:14:24,403 - flwr - INFO - aggregate_evaluate: received 2 results and 0 failures
2025-12-01 11:14:24,404 - Server - INFO - Round 2: Aggregating evaluation results from 2 clients
2025-12-01 11:14:24,404 - Server - INFO - Aggregated metrics: {'accuracy': 0.9322916666666666}
2025-12-01 11:14:24,405 - flwr - INFO - 
2025-12-01 11:14:24,405 - flwr - INFO - [ROUND 3]
2025-12-01 11:14:24,405 - flwr - INFO - configure_fit: strategy sampled 2 clients (out of 2)
2025-12-01 11:14:37,628 - flwr - INFO - aggregate_fit: received 2 results and 0 failures
2025-12-01 11:14:37,628 - Server - INFO - Round 3: Aggregating updates from 2 clients
2025-12-01 11:14:37,628 - Server - INFO - Round 3: Global model parameters updated
2025-12-01 11:14:37,628 - flwr - INFO - configure_evaluate: strategy sampled 2 clients (out of 2)
2025-12-01 11:14:38,583 - flwr - INFO - aggregate_evaluate: received 2 results and 0 failures
2025-12-01 11:14:38,583 - Server - INFO - Round 3: Aggregating evaluation results from 2 clients
2025-12-01 11:14:38,583 - Server - INFO - Aggregated metrics: {'accuracy': 0.9429861111111111}
2025-12-01 11:14:38,584 - flwr - INFO - 
2025-12-01 11:14:38,584 - flwr - INFO - [ROUND 4]
2025-12-01 11:14:38,584 - flwr - INFO - configure_fit: strategy sampled 2 clients (out of 2)
2025-12-01 11:14:50,652 - flwr - INFO - aggregate_fit: received 2 results and 0 failures
2025-12-01 11:14:50,653 - Server - INFO - Round 4: Aggregating updates from 2 clients
2025-12-01 11:14:50,653 - Server - INFO - Round 4: Global model parameters updated
2025-12-01 11:14:50,653 - flwr - INFO - configure_evaluate: strategy sampled 2 clients (out of 2)
2025-12-01 11:14:54,290 - flwr - INFO - aggregate_evaluate: received 2 results and 0 failures
2025-12-01 11:14:54,290 - Server - INFO - Round 4: Aggregating evaluation results from 2 clients
2025-12-01 11:14:54,290 - Server - INFO - Aggregated metrics: {'accuracy': 0.9415972222222222}
2025-12-01 11:14:54,291 - flwr - INFO - 
2025-12-01 11:14:54,291 - flwr - INFO - [SUMMARY]
2025-12-01 11:14:54,292 - flwr - INFO - Run finished 4 round(s) in 128.39s
2025-12-01 11:14:54,292 - flwr - INFO - 	History (loss, distributed):
2025-12-01 11:14:54,292 - flwr - INFO - 		round 1: 0.23775382339954376
2025-12-01 11:14:54,293 - flwr - INFO - 		round 2: 0.1934553012251854
2025-12-01 11:14:54,293 - flwr - INFO - 		round 3: 0.16232140362262726
2025-12-01 11:14:54,293 - flwr - INFO - 		round 4: 0.1598277986049652
2025-12-01 11:14:54,294 - flwr - INFO - 	History (metrics, distributed, evaluate):
2025-12-01 11:14:54,294 - flwr - INFO - 	{'accuracy': [(1, 0.9174768518518519),
2025-12-01 11:14:54,295 - flwr - INFO - 	              (2, 0.9322916666666666),
2025-12-01 11:14:54,295 - flwr - INFO - 	              (3, 0.9429861111111111),
2025-12-01 11:14:54,295 - flwr - INFO - 	              (4, 0.9415972222222222)]}
2025-12-01 11:14:54,295 - flwr - INFO - 
2025-12-01 11:14:54,439 - Server - INFO - Model saved to SavedGlobalModel/final_model.pth
2025-12-01 11:14:54,441 - Server - INFO - Final model saved to SavedGlobalModel/final_model.pth
2025-12-02 16:33:30,412 - Server - INFO - SaveModelStrategy initialized
2025-12-02 16:33:30,413 - Server - INFO - Starting federated learning server at 100.103.221.50:8080
2025-12-02 16:33:30,413 - Server - INFO - Configuration: 4 rounds, 2 minimum clients
2025-12-02 16:33:30,414 - Server - INFO - Model: NeuralNetwork with 17 inputs, 10 classes
2025-12-02 16:33:30,415 - flwr - INFO - Starting Flower server, config: num_rounds=4, no round_timeout
2025-12-02 16:33:30,427 - flwr - INFO - Flower ECE: gRPC server running (4 rounds), SSL is disabled
2025-12-02 16:33:30,427 - flwr - INFO - [INIT]
2025-12-02 16:33:30,427 - flwr - INFO - Using initial global parameters provided by strategy
2025-12-02 16:33:30,427 - flwr - INFO - Starting evaluation of initial global parameters
2025-12-02 16:33:30,431 - flwr - INFO - Evaluation returned no results (`None`)
2025-12-02 16:33:30,431 - flwr - INFO - 
2025-12-02 16:33:30,432 - flwr - INFO - [ROUND 1]
2025-12-02 16:33:44,949 - flwr - INFO - configure_fit: strategy sampled 2 clients (out of 2)
2025-12-02 16:33:59,113 - flwr - INFO - aggregate_fit: received 2 results and 0 failures
2025-12-02 16:33:59,113 - Server - INFO - Round 1: Aggregating updates from 2 clients
2025-12-02 16:33:59,115 - flwr - WARNING - No fit_metrics_aggregation_fn provided
2025-12-02 16:33:59,116 - Server - INFO - Round 1: Global model parameters updated
2025-12-02 16:33:59,123 - Server - INFO - Model saved to SavedGlobalModel/model_round_1.pth
2025-12-02 16:33:59,123 - Server - INFO - Round 1: Saved checkpoint to model_round_1.pth
2025-12-02 16:33:59,123 - flwr - INFO - configure_evaluate: strategy sampled 2 clients (out of 2)
2025-12-02 16:33:59,640 - flwr - INFO - aggregate_evaluate: received 2 results and 0 failures
2025-12-02 16:33:59,642 - Server - INFO - Round 1: Aggregating evaluation results from 2 clients
2025-12-02 16:33:59,642 - Server - INFO - Aggregated metrics: {'accuracy': 0.9393981481481481}
2025-12-02 16:33:59,643 - flwr - INFO - 
2025-12-02 16:33:59,644 - flwr - INFO - [ROUND 2]
2025-12-02 16:33:59,645 - flwr - INFO - configure_fit: strategy sampled 2 clients (out of 2)
2025-12-02 16:34:13,837 - flwr - INFO - aggregate_fit: received 2 results and 0 failures
2025-12-02 16:34:13,838 - Server - INFO - Round 2: Aggregating updates from 2 clients
2025-12-02 16:34:13,839 - Server - INFO - Round 2: Global model parameters updated
2025-12-02 16:34:13,840 - flwr - INFO - configure_evaluate: strategy sampled 2 clients (out of 2)
2025-12-02 16:34:14,324 - flwr - INFO - aggregate_evaluate: received 2 results and 0 failures
2025-12-02 16:34:14,325 - Server - INFO - Round 2: Aggregating evaluation results from 2 clients
2025-12-02 16:34:14,325 - Server - INFO - Aggregated metrics: {'accuracy': 0.9903703703703703}
2025-12-02 16:34:14,326 - flwr - INFO - 
2025-12-02 16:34:14,327 - flwr - INFO - [ROUND 3]
2025-12-02 16:34:14,327 - flwr - INFO - configure_fit: strategy sampled 2 clients (out of 2)
2025-12-02 16:34:28,421 - flwr - INFO - aggregate_fit: received 2 results and 0 failures
2025-12-02 16:34:28,421 - Server - INFO - Round 3: Aggregating updates from 2 clients
2025-12-02 16:34:28,422 - Server - INFO - Round 3: Global model parameters updated
2025-12-02 16:34:28,422 - flwr - INFO - configure_evaluate: strategy sampled 2 clients (out of 2)
2025-12-02 16:34:28,920 - flwr - INFO - aggregate_evaluate: received 2 results and 0 failures
2025-12-02 16:34:28,921 - Server - INFO - Round 3: Aggregating evaluation results from 2 clients
2025-12-02 16:34:28,922 - Server - INFO - Aggregated metrics: {'accuracy': 0.9942592592592593}
2025-12-02 16:34:28,923 - flwr - INFO - 
2025-12-02 16:34:28,924 - flwr - INFO - [ROUND 4]
2025-12-02 16:34:28,925 - flwr - INFO - configure_fit: strategy sampled 2 clients (out of 2)
2025-12-02 16:34:43,610 - flwr - INFO - aggregate_fit: received 2 results and 0 failures
2025-12-02 16:34:43,611 - Server - INFO - Round 4: Aggregating updates from 2 clients
2025-12-02 16:34:43,614 - Server - INFO - Round 4: Global model parameters updated
2025-12-02 16:34:43,615 - flwr - INFO - configure_evaluate: strategy sampled 2 clients (out of 2)
2025-12-02 16:34:44,112 - flwr - INFO - aggregate_evaluate: received 2 results and 0 failures
2025-12-02 16:34:44,112 - Server - INFO - Round 4: Aggregating evaluation results from 2 clients
2025-12-02 16:34:44,112 - Server - INFO - Aggregated metrics: {'accuracy': 0.9949537037037037}
2025-12-02 16:34:44,113 - flwr - INFO - 
2025-12-02 16:34:44,113 - flwr - INFO - [SUMMARY]
2025-12-02 16:34:44,113 - flwr - INFO - Run finished 4 round(s) in 73.68s
2025-12-02 16:34:44,113 - flwr - INFO - 	History (loss, distributed):
2025-12-02 16:34:44,115 - flwr - INFO - 		round 1: 0.13735714554786682
2025-12-02 16:34:44,116 - flwr - INFO - 		round 2: 0.03709297254681587
2025-12-02 16:34:44,116 - flwr - INFO - 		round 3: 0.0229673869907856
2025-12-02 16:34:44,117 - flwr - INFO - 		round 4: 0.019520029425621033
2025-12-02 16:34:44,117 - flwr - INFO - 	History (metrics, distributed, evaluate):
2025-12-02 16:34:44,117 - flwr - INFO - 	{'accuracy': [(1, 0.9393981481481481),
2025-12-02 16:34:44,117 - flwr - INFO - 	              (2, 0.9903703703703703),
2025-12-02 16:34:44,117 - flwr - INFO - 	              (3, 0.9942592592592593),
2025-12-02 16:34:44,117 - flwr - INFO - 	              (4, 0.9949537037037037)]}
2025-12-02 16:34:44,117 - flwr - INFO - 
2025-12-02 16:34:44,146 - Server - INFO - Model saved to SavedGlobalModel/final_model.pth
2025-12-02 16:34:44,147 - Server - INFO - Final model saved to SavedGlobalModel/final_model.pth
2025-12-06 10:40:15,528 - Server - INFO - SaveModelStrategy initialized
2025-12-06 10:40:15,528 - Server - INFO - Starting federated learning server at 100.103.221.50:8080
2025-12-06 10:40:15,528 - Server - INFO - Configuration: 4 rounds, 2 minimum clients
2025-12-06 10:40:15,528 - Server - INFO - Model: NeuralNetwork with 17 inputs, 10 classes
2025-12-06 10:40:15,528 - flwr - INFO - Starting Flower server, config: num_rounds=4, no round_timeout
2025-12-06 10:40:15,546 - flwr - INFO - Flower ECE: gRPC server running (4 rounds), SSL is disabled
2025-12-06 10:40:15,546 - flwr - INFO - [INIT]
2025-12-06 10:40:15,546 - flwr - INFO - Using initial global parameters provided by strategy
2025-12-06 10:40:15,546 - flwr - INFO - Starting evaluation of initial global parameters
2025-12-06 10:40:15,546 - flwr - INFO - Evaluation returned no results (`None`)
2025-12-06 10:40:15,546 - flwr - INFO - 
2025-12-06 10:40:15,546 - flwr - INFO - [ROUND 1]
2025-12-06 10:41:05,359 - flwr - INFO - configure_fit: strategy sampled 2 clients (out of 2)
2025-12-06 10:41:27,297 - flwr - INFO - aggregate_fit: received 2 results and 0 failures
2025-12-06 10:41:27,300 - Server - INFO - Round 1: Aggregating updates from 2 clients
2025-12-06 10:41:27,302 - flwr - WARNING - No fit_metrics_aggregation_fn provided
2025-12-06 10:41:27,303 - Server - INFO - Round 1: Global model parameters updated
2025-12-06 10:41:27,326 - Server - INFO - Model saved to SavedGlobalModel/model_round_1.pth
2025-12-06 10:41:27,328 - Server - INFO - Round 1: Saved checkpoint to model_round_1.pth
2025-12-06 10:41:27,328 - flwr - INFO - configure_evaluate: strategy sampled 2 clients (out of 2)
2025-12-06 10:41:29,254 - flwr - INFO - aggregate_evaluate: received 2 results and 0 failures
2025-12-06 10:41:29,255 - Server - INFO - Round 1: Aggregating evaluation results from 2 clients
2025-12-06 10:41:29,255 - Server - INFO - Aggregated metrics: {'accuracy': 0.9534259259259259}
2025-12-06 10:41:29,255 - flwr - INFO - 
2025-12-06 10:41:29,260 - flwr - INFO - [ROUND 2]
2025-12-06 10:41:29,260 - flwr - INFO - configure_fit: strategy sampled 2 clients (out of 2)
2025-12-06 10:41:48,333 - flwr - INFO - aggregate_fit: received 2 results and 0 failures
2025-12-06 10:41:48,333 - Server - INFO - Round 2: Aggregating updates from 2 clients
2025-12-06 10:41:48,333 - Server - INFO - Round 2: Global model parameters updated
2025-12-06 10:41:48,333 - flwr - INFO - configure_evaluate: strategy sampled 2 clients (out of 2)
2025-12-06 10:41:51,464 - flwr - INFO - aggregate_evaluate: received 2 results and 0 failures
2025-12-06 10:41:51,469 - Server - INFO - Round 2: Aggregating evaluation results from 2 clients
2025-12-06 10:41:51,469 - Server - INFO - Aggregated metrics: {'accuracy': 0.9912962962962963}
2025-12-06 10:41:51,472 - flwr - INFO - 
2025-12-06 10:41:51,476 - flwr - INFO - [ROUND 3]
2025-12-06 10:41:51,477 - flwr - INFO - configure_fit: strategy sampled 2 clients (out of 2)
2025-12-06 10:42:19,253 - flwr - INFO - aggregate_fit: received 2 results and 0 failures
2025-12-06 10:42:19,270 - Server - INFO - Round 3: Aggregating updates from 2 clients
2025-12-06 10:42:19,273 - Server - INFO - Round 3: Global model parameters updated
2025-12-06 10:42:19,273 - flwr - INFO - configure_evaluate: strategy sampled 2 clients (out of 2)
2025-12-06 10:42:24,888 - flwr - INFO - aggregate_evaluate: received 2 results and 0 failures
2025-12-06 10:42:24,890 - Server - INFO - Round 3: Aggregating evaluation results from 2 clients
2025-12-06 10:42:24,892 - Server - INFO - Aggregated metrics: {'accuracy': 0.9931018518518518}
2025-12-06 10:42:24,892 - flwr - INFO - 
2025-12-06 10:42:24,893 - flwr - INFO - [ROUND 4]
2025-12-06 10:42:24,894 - flwr - INFO - configure_fit: strategy sampled 2 clients (out of 2)
2025-12-06 10:42:48,188 - flwr - INFO - aggregate_fit: received 2 results and 0 failures
2025-12-06 10:42:48,190 - Server - INFO - Round 4: Aggregating updates from 2 clients
2025-12-06 10:42:48,192 - Server - INFO - Round 4: Global model parameters updated
2025-12-06 10:42:48,192 - flwr - INFO - configure_evaluate: strategy sampled 2 clients (out of 2)
2025-12-06 10:42:52,245 - flwr - INFO - aggregate_evaluate: received 2 results and 0 failures
2025-12-06 10:42:52,246 - Server - INFO - Round 4: Aggregating evaluation results from 2 clients
2025-12-06 10:42:52,247 - Server - INFO - Aggregated metrics: {'accuracy': 0.9941666666666666}
2025-12-06 10:42:52,247 - flwr - INFO - 
2025-12-06 10:42:52,250 - flwr - INFO - [SUMMARY]
2025-12-06 10:42:52,251 - flwr - INFO - Run finished 4 round(s) in 156.70s
2025-12-06 10:42:52,251 - flwr - INFO - 	History (loss, distributed):
2025-12-06 10:42:52,253 - flwr - INFO - 		round 1: 0.11299135535955429
2025-12-06 10:42:52,255 - flwr - INFO - 		round 2: 0.042461100965738297
2025-12-06 10:42:52,256 - flwr - INFO - 		round 3: 0.025702349841594696
2025-12-06 10:42:52,256 - flwr - INFO - 		round 4: 0.021975120529532433
2025-12-06 10:42:52,260 - flwr - INFO - 	History (metrics, distributed, evaluate):
2025-12-06 10:42:52,260 - flwr - INFO - 	{'accuracy': [(1, 0.9534259259259259),
2025-12-06 10:42:52,260 - flwr - INFO - 	              (2, 0.9912962962962963),
2025-12-06 10:42:52,260 - flwr - INFO - 	              (3, 0.9931018518518518),
2025-12-06 10:42:52,260 - flwr - INFO - 	              (4, 0.9941666666666666)]}
2025-12-06 10:42:52,262 - flwr - INFO - 
2025-12-06 10:42:52,845 - Server - INFO - Model saved to SavedGlobalModel/final_model.pth
2025-12-06 10:42:52,847 - Server - INFO - Final model saved to SavedGlobalModel/final_model.pth
